Brand & Model,Varient,Fuel Type,Driven Kilometers,Transmission,Owner,Location,Date of Posting Ad,Price (in ₹),Brand,Year,Car_Age
Mahindra Xuv500 (2013),W8 Dual Tone,DIESEL,58000.0,MANUAL,1st Owner,"Pitampura, Delhi",01/27/2022,435000,Mahindra,2013.0,9.0
Hyundai Creta (2020),1.6 SX Option Executive Diesel,DIESEL,43861.0,MANUAL,1st Owner,"Ahiritola, Kolkata",01/23/2022,1165101,Hyundai,2020.0,2.0
Hyundai Verna (2019),VTVT 1.4 EX,PETROL,17000.0,MANUAL,2nd Owner,"Chelavoor, Pantheeramkavu",01/25/2022,815000,Hyundai,2019.0,3.0
Datsun Redigo (2020),D,PETROL,10000.0,MANUAL,1st Owner,"Palam, Delhi",01/13/2022,270000,Datsun,2020.0,2.0
Hyundai I10 (2011),Sportz 1.1 iRDE2,PETROL,70000.0,MANUAL,1st Owner,"Dwarka Sector 13, Delhi",01/13/2022,185000,Hyundai,2011.0,11.0
Toyota Innova (2011),2004-2011 2.5 V Diesel 7-seater,DIESEL,140000.0,MANUAL,2nd Owner,"Rajivgandhi Nagar, Tumakuru",01-27-2022,740000,Toyota,2011.0,11.0
Maruti Suzuki Wagon R (2017),VXI BS IV,PETROL,22464.0,MANUAL,1st Owner,"Meerut Road Industrial Area Sector 21, Ghaziabad",01-27-2022,418500,Maruti,2017.0,5.0
Mahindra Xuv500 (2013),W8 Dual Tone,DIESEL,58000.0,MANUAL,1st Owner,"Pitampura, Delhi",01-27-2022,435000,Mahindra,2013.0,9.0
Maruti Suzuki Swift (2016),ZXI,PETROL,84000.0,MANUAL,1st Owner,"Calicut Medical College, Kozhikode",01-27-2022,480000,Maruti,2016.0,6.0
Maruti Suzuki Swift (2013),2011-2014 VDI,DIESEL,93000.0,MANUAL,1st Owner,"Budhakhera, Karnal",01-27-2022,320000,Maruti,2013.0,9.0
Chevrolet Tavera Neo (2015),LS B3 - 10 seats BSII,DIESEL,149000.0,MANUAL,1st Owner,"Pilaviduthy, Karambakkudi",01-27-2022,490000,Chevrolet,2015.0,7.0
Bmw 5 Series (2012),520d,DIESEL,64000.0,AUTOMATIC,2nd Owner,"Sector 16, Faridabad",01-24-2022,1025000,Bmw,2012.0,10.0
Nissan Micra (2016),XL CVT,PETROL,31000.0,AUTOMATIC,1st Owner,"Shahibag, Ahmedabad",01-06-2022,420000,Nissan,2016.0,6.0
Maruti Suzuki Swift Dzire (2013),VDI,DIESEL,161000.0,MANUAL,1st Owner,"Salem East Old, Salem",11-02-2021,540000,Maruti,2013.0,9.0
Tata Safari Storme (2015),LX,DIESEL,118642.0,MANUAL,2nd Owner,"Ambala Cantt, Ambala",12-11-2021,600000,Tata,2015.0,7.0
Tata Safari Storme (2014),EX,DIESEL,95000.0,MANUAL,2nd Owner,"Jaggi Colony, Ambala",12-30-2021,530000,Tata,2014.0,8.0
Hyundai I10 (2010),1.2 KAPPA ASTA O,PETROL,50000.0,MANUAL,First Owner,"Shahdara, Delhi",01-13-2022,150000,Hyundai,2010.0,12.0
Maruti Suzuki Alto 800 (2012),2012-2016 LXI,PETROL,20000.0,MANUAL,First Owner,"Dahisar East, Mumbai",01-13-2022,165000,Maruti,2012.0,10.0
Mercedes-Benz S-Class (2004),S 350 L,PETROL,52300.0,AUTOMATIC,2nd Owner,"JP Nagar, Bengaluru",01-27-2022,329000,Mercedes-Benz,2004.0,18.0
Mercedes-Benz S-Class (2004),S 350 L,PETROL,52300.0,AUTOMATIC,2nd Owner,"JP Nagar, Bengaluru",01-27-2022,329000,Mercedes-Benz,2004.0,18.0
Maruti Suzuki Swift Dzire (2014),VDI,DIESEL,78956.0,MANUAL,1st Owner,"Vadodara Goverment Colony, Vadodara",01-27-2022,450000,Maruti,2014.0,8.0
Ssangyong Rexton (2013),RX7,DIESEL,59000.0,AUTOMATIC,1st Owner,"Sarojini Nagar, Delhi",01-27-2022,595000,Ssangyong,2013.0,9.0
Maruti Suzuki Wagon R (2017),VXI BS IV,PETROL,22464.0,MANUAL,1st Owner,"Shahdara, Delhi",01-27-2022,418500,Maruti,2017.0,5.0
Honda Amaze (2015),S i-VTEC,PETROL,17000.0,AUTOMATIC,1st Owner,"East Coast Road, Chennai",01-27-2022,520000,Honda,2015.0,7.0
Tata Nexon (2019),AMT 1.5 Revotorq XMA,DIESEL,59000.0,MANUAL,1st Owner,"Calicut Beach, Kozhikode",01-27-2022,775000,Tata,2019.0,3.0
Tata Indica (2000),DL,DIESEL,0.0,AUTOMATIC,1st Owner,"Bibi Pakar, Darbhanga",01-27-2022,15000,Tata,2000.0,22.0
Maruti Suzuki Alto 800 (2017),VXI Airbag,PETROL,14800.0,MANUAL,1st Owner,"Chelavoor, Pantheeramkavu",01-27-2022,315000,Maruti,2017.0,5.0
Hyundai Creta (2017),1.6 SX Plus,PETROL,41545.0,MANUAL,1st Owner,"Madhapur, Hyderabad",09-30-2021,1095000,Hyundai,2017.0,5.0
Maruti Suzuki Alto 800 (2017),VXI Airbag,PETROL,14800.0,MANUAL,1st Owner,"Chelavoor, Pantheeramkavu",01-27-2022,315000,Maruti,2017.0,5.0
Mahindra Scorpio (2020),S9,DIESEL,18000.0,MANUAL,1st Owner,"Mirpur, Gurdaspur",01-27-2022,1775000,Mahindra,2020.0,2.0
Mahindra Scorpio (2020),S9,DIESEL,18000.0,MANUAL,1st Owner,"Mirpur, Gurdaspur",01-27-2022,1775000,Mahindra,2020.0,2.0
Maruti Suzuki Baleno (2020),1.3 Delta,PETROL,17000.0,MANUAL,1st Owner,"Ali Gai, Shahjahanpur",01-27-2022,38000,Maruti,2020.0,2.0
Hyundai Santro (2001),LE zipPlus,PETROL,115635.0,MANUAL,4+ Owner,"Hebbal, Bengaluru",01-27-2022,73000,Hyundai,2001.0,21.0
Hyundai Santro (2001),LE zipPlus,PETROL,115635.0,MANUAL,4+ Owner,"Hebbal, Bengaluru",01-27-2022,73000,Hyundai,2001.0,21.0
Hyundai Santro (2001),LE zipPlus,PETROL,115635.0,MANUAL,4+ Owner,"Hebbal, Bengaluru",01-27-2022,73000,Hyundai,2001.0,21.0
Hyundai Santro (2001),LE zipPlus,PETROL,115635.0,MANUAL,4+ Owner,"Hebbal, Bengaluru",01-27-2022,73000,Hyundai,2001.0,21.0
Hyundai Santa Fe (2012),2WD MT,DIESEL,73000.0,MANUAL,2nd Owner,"Ramesh Nagar, Delhi",01-27-2022,425000,Hyundai,2012.0,10.0
Hyundai Santa Fe (2012),2WD MT,DIESEL,73000.0,MANUAL,2nd Owner,"Ramesh Nagar, Delhi",01-27-2022,425000,Hyundai,2012.0,10.0
Fiat Avventura (2015),Power Up 1.3 Emotion,DIESEL,19018.0,MANUAL,1st Owner,"Indira Nagar, Bengaluru",01-18-2022,675000,Fiat,2015.0,7.0
Fiat Avventura (2015),Power Up 1.3 Emotion,DIESEL,19018.0,MANUAL,1st Owner,"Indira Nagar, Bengaluru",01-18-2022,675000,Fiat,2015.0,7.0
Maruti Suzuki Alto 800 (2015),2012-2016 LXI,PETROL,63000.0,MANUAL,1st Owner,"Khandagiri, Bhubaneshwar",01-18-2022,220000,Maruti,2015.0,7.0
Maruti Suzuki Alto 800 (2015),2012-2016 LXI,PETROL,63000.0,MANUAL,1st Owner,"Khandagiri, Bhubaneshwar",01-18-2022,220000,Maruti,2015.0,7.0
Maruti Suzuki Alto 800 (2015),2012-2016 LXI,PETROL,63000.0,MANUAL,1st Owner,"Khandagiri, Bhubaneshwar",01-18-2022,220000,Maruti,2015.0,7.0
Hyundai Creta (2017),1.6 SX Plus,PETROL,41545.0,MANUAL,1st Owner,"Madhapur, Hyderabad",09-30-2021,1095000,Hyundai,2017.0,5.0
Renault Kwid (2016),RXL,PETROL,90000.0,MANUAL,First Owner,"Now Gam, Nowgam",01-13-2022,230000,Renault,2016.0,6.0
Renault Kwid (2016),RXL,PETROL,90000.0,MANUAL,First Owner,"Now Gam, Nowgam",01-13-2022,230000,Renault,2016.0,6.0
Maruti Suzuki Wagon R (2018),CNG LXI Opt,CNG,120000.0,MANUAL,First Owner,"Shivaji Nagar, Mumbai",01-13-2022,380000,Maruti,2018.0,4.0
Maruti Suzuki Wagon R (2018),CNG LXI Opt,CNG,120000.0,MANUAL,First Owner,"Shivaji Nagar, Mumbai",01-13-2022,380000,Maruti,2018.0,4.0
Maruti Suzuki Wagon R Duo (2011),Others,LPG,90320.0,AUTOMATIC,4+ Owner,"Badi Bazar, Pihani",01-27-2022,180000,Maruti,2011.0,11.0
Maruti Suzuki Wagon R Duo (2011),Others,LPG,90320.0,AUTOMATIC,4+ Owner,"Badi Bazar, Pihani",01-27-2022,180000,Maruti,2011.0,11.0
Tata Indica (2008),DLS,DIESEL,125250.0,MANUAL,3rd Owner,"Thondankulangara, Alappuzha",01-27-2022,65000,Tata,2008.0,14.0
Maruti Suzuki 800 (2007),Others,PETROL,75000.0,AUTOMATIC,2nd Owner,"Tazipora, Mohmmad Pora",01-27-2022,70000,Maruti,2007.0,15.0
Hyundai Aura (2021),SX Plus Manual,PETROL,4000.0,MANUAL,1st Owner,"Ganga Bazar, Itanagar",01-27-2022,750000,Hyundai,2021.0,1.0
Mahindra Thar (2021),LX 4-STR Hard Top AT,DIESEL,1.0,AUTOMATIC,1st Owner,"Calicut Airport, Kozhikode",01-27-2022,1950000,Mahindra,2021.0,1.0
Tata Safari Storme (2016),VX,DIESEL,67000.0,MANUAL,1st Owner,"Police Lines, Varanasi",01-27-2022,725000,Tata,2016.0,6.0
Maruti Suzuki Swift Dzire (2012),LDI,DIESEL,79300.0,MANUAL,2nd Owner,"Akurdi, Pune",01-27-2022,380000,Maruti,2012.0,10.0
Hyundai I20 (2013),1.4 Sportz,DIESEL,83000.0,MANUAL,3rd Owner,"Jain Nagar, Meerut",01-27-2022,290000,Hyundai,2013.0,9.0
Hyundai Santro Xing (2011),GLS,PETROL,42000.0,AUTOMATIC,1st Owner,"Mukundapur, Kolkata",01-27-2022,127000,Hyundai,2011.0,11.0
Tata Safari Storme (2016),VX,DIESEL,67000.0,MANUAL,1st Owner,"Police Lines, Varanasi",01-27-2022,725000,Tata,2016.0,6.0
Maruti Suzuki Swift (2014),2011-2014 VDI,DIESEL,115625.0,MANUAL,2nd Owner,"Indira Nagar, Visakhapatnam",01-27-2022,415000,Maruti,2014.0,8.0
Maruti Suzuki Swift (2014),2011-2014 VDI,DIESEL,115625.0,MANUAL,2nd Owner,"Indira Nagar, Visakhapatnam",01-27-2022,415000,Maruti,2014.0,8.0
Mahindra Bolero (2006),2001-2010 DI,DIESEL,120000.0,AUTOMATIC,3rd Owner,"Hasanpur, Bakhri",01-27-2022,171000,Mahindra,2006.0,16.0
Nissan Micra (2016),XL CVT,PETROL,31000.0,AUTOMATIC,1st Owner,"Shahibag, Ahmedabad",01-06-2022,210000,Nissan,2016.0,6.0
Nissan Micra (2016),XL CVT,PETROL,31000.0,AUTOMATIC,1st Owner,"Shahibag, Ahmedabad",01-06-2022,210000,Nissan,2016.0,6.0
Nissan Micra (2014),2012-2017 Diesel XL,DIESEL,81321.0,MANUAL,1st Owner,"Ganga Nagar, Meerut",01-27-2022,210000,Nissan,2014.0,8.0
Hyundai I10 (2011),Magna 1.2 iTech SE,PETROL,63800.0,MANUAL,2nd Owner,"Mudichur, Chennai",01-27-2022,260000,Hyundai,2011.0,11.0
Hyundai I10 (2011),Magna 1.2 iTech SE,PETROL,63800.0,MANUAL,2nd Owner,"Mudichur, Chennai",01-27-2022,260000,Hyundai,2011.0,11.0
Ford Ecosport (2016),1.5 Diesel Titanium Plus,DIESEL,62000.0,MANUAL,1st Owner,"Amar Colony, Delhi",01-27-2022,580000,Ford,2016.0,6.0
Toyota Etios (2012),2010-2012 GD,DIESEL,170000.0,MANUAL,2nd Owner,"Burempet, Narasaraopet",01-27-2022,399999,Toyota,2012.0,10.0
Mahindra Xuv500 (2017),W6 2WD,DIESEL,85000.0,MANUAL,2nd Owner,"Vikaspuri, Delhi",01-27-2022,780000,Mahindra,2017.0,5.0
Mahindra Xuv500 (2017),W6 2WD,DIESEL,85000.0,MANUAL,2nd Owner,"Vikaspuri, Delhi",01-27-2022,780000,Mahindra,2017.0,5.0
Mahindra Xuv500 (2017),W6 2WD,DIESEL,85000.0,MANUAL,2nd Owner,"Vikaspuri, Delhi",01-27-2022,780000,Mahindra,2017.0,5.0
Mahindra Xuv500 (2017),W6 2WD,DIESEL,85000.0,MANUAL,2nd Owner,"Vikaspuri, Delhi",01-27-2022,780000,Mahindra,2017.0,5.0
Maruti Suzuki Swift Dzire (2012),1.2 Vxi BSIV,PETROL,80000.0,MANUAL,1st Owner,"Pitampura, Delhi",11-07-2021,315000,Maruti,2012.0,10.0
Mg Hector (2019),Sharp DCT Automatic,PETROL,28000.0,AUTOMATIC,1st Owner,"Indira Nagar, Bengaluru",12-03-2021,1675000,Mg,2019.0,3.0
Mg Hector (2019),Sharp DCT Automatic,PETROL,28000.0,AUTOMATIC,1st Owner,"Indira Nagar, Bengaluru",12-03-2021,1675000,Mg,2019.0,3.0
Mg Hector (2019),Sharp DCT Automatic,PETROL,28000.0,AUTOMATIC,1st Owner,"Indira Nagar, Bengaluru",12-03-2021,1675000,Mg,2019.0,3.0
Mg Hector (2019),Sharp DCT Automatic,PETROL,28000.0,AUTOMATIC,1st Owner,"Indira Nagar, Bengaluru",12-03-2021,1675000,Mg,2019.0,3.0
Hyundai I20 (2009),2009-2011 1.4 Asta (AT),CNG & HYBRIDS,98000.0,AUTOMATIC,4+ Owner,"Madhuram, Junagadh",01-27-2022,225000,Hyundai,2009.0,13.0
Maruti Suzuki Wagon R (2017),VXI BS IV,PETROL,22464.0,MANUAL,1st Owner,"Sector 38 Noida Golf Course, Noida",01-27-2022,418500,Maruti,2017.0,5.0
Maruti Suzuki Wagon R (2017),VXI BS IV,PETROL,22464.0,MANUAL,1st Owner,"Sector 38 Noida Golf Course, Noida",01-27-2022,418500,Maruti,2017.0,5.0
Tata Zest (2014),Quadrajet 1.3 XMA,DIESEL,62000.0,AUTOMATIC,#NAME?,"Tilak Nagar, Delhi",01-27-2022,296000,Tata,2014.0,8.0
Tata Zest (2014),Quadrajet 1.3 XMA,DIESEL,62000.0,AUTOMATIC,#NAME?,"Tilak Nagar, Delhi",01-27-2022,296000,Tata,2014.0,8.0
Hyundai I10 (2010),1.2 KAPPA ASTA O,PETROL,50000.0,MANUAL,First Owner,"Shahdara, Delhi",01-13-2022,150000,Hyundai,2010.0,12.0
Toyota Fortuner (2017),2.8 2WD MT,DIESEL,72000.0,MANUAL,1st Owner,"Kathreguppe, Bengaluru",01-27-2022,3200000,Toyota,2017.0,5.0
Maruti Suzuki Alto (2012),Std,PETROL,80000.0,MANUAL,3rd Owner,"Diakkwan, Kolasib",01-27-2022,99999,Maruti,2012.0,10.0
Maruti Suzuki Alto (2012),Std,PETROL,80000.0,MANUAL,3rd Owner,"Diakkwan, Kolasib",01-27-2022,99999,Maruti,2012.0,10.0
Maruti Suzuki Wagon R (2016),LXI CNG,PETROL,142000.0,MANUAL,1st Owner,"Sector 23A, Gurgaon",01-27-2022,222000,Maruti,2016.0,6.0
Hyundai Xcent (2015),1.2 VTVT S,CNG & HYBRIDS,200000.0,MANUAL,2nd Owner,"Mohan Nagar, Ghaziabad",01-27-2022,170000,Hyundai,2015.0,7.0
Mahindra Scorpio (2016),S8 7 Seater,DIESEL,35000.0,MANUAL,1st Owner,"Gurung Basti, Siliguri",01-27-2022,910000,Mahindra,2016.0,6.0
Mahindra Scorpio (2016),S8 7 Seater,DIESEL,35000.0,MANUAL,1st Owner,"Gurung Basti, Siliguri",01-27-2022,910000,Mahindra,2016.0,6.0
Isuzu Mu7 (2014),High BS IV,DIESEL,206167.0,MANUAL,1st Owner,"Goripalayam, Madurai",01-11-2022,850000,Isuzu,2014.0,8.0
Isuzu Mu7 (2014),High BS IV,DIESEL,206167.0,MANUAL,1st Owner,"Goripalayam, Madurai",01-11-2022,850000,Isuzu,2014.0,8.0
Toyota Fortuner (2012),2011-2016 4x2 Manual,DIESEL,150000.0,MANUAL,1st Owner,"Golf Course Road, Gurgaon",01-27-2022,965000,Toyota,2012.0,10.0
Toyota Fortuner (2012),2011-2016 4x2 Manual,DIESEL,150000.0,MANUAL,1st Owner,"Golf Course Road, Gurgaon",01-27-2022,965000,Toyota,2012.0,10.0
Toyota Fortuner (2012),2011-2016 4x2 Manual,DIESEL,150000.0,MANUAL,1st Owner,"Golf Course Road, Gurgaon",01-27-2022,965000,Toyota,2012.0,10.0
Toyota Fortuner (2012),2011-2016 4x2 Manual,DIESEL,150000.0,MANUAL,1st Owner,"Golf Course Road, Gurgaon",01-27-2022,965000,Toyota,2012.0,10.0
Toyota Fortuner (2012),2011-2016 4x2 Manual,DIESEL,150000.0,MANUAL,1st Owner,"Golf Course Road, Gurgaon",01-27-2022,965000,Toyota,2012.0,10.0
Hyundai Santro (2019),New,PETROL,6000.0,MANUAL,1st Owner,"Sajan Nagar, Sitamarhi",01-27-2022,350000,Hyundai,2019.0,3.0
Mahindra Bolero Pik-Up (2016),FB 1.7T,DIESEL,160000.0,MANUAL,First Owner,"MIDC Road, Mumbai",01-13-2022,525000,Mahindra,2016.0,6.0
Bmw 3 Series (2011),320d Sedan,DIESEL,85249.0,AUTOMATIC,1st Owner,"Khajaguda, Hyderabad",01-01-2022,985000,Bmw,2011.0,11.0
Bmw 3 Series (2011),320d Sedan,DIESEL,85249.0,AUTOMATIC,1st Owner,"Khajaguda, Hyderabad",01-01-2022,985000,Bmw,2011.0,11.0
Mercedes-Benz M-Class (2015),ML 350 CDI,DIESEL,115000.0,AUTOMATIC,1st Owner,"Maradu, Kochi",01-03-2022,3500000,Mercedes-Benz,2015.0,7.0
Mercedes-Benz M-Class (2015),ML 350 CDI,DIESEL,115000.0,AUTOMATIC,1st Owner,"Maradu, Kochi",01-03-2022,3500000,Mercedes-Benz,2015.0,7.0
Mercedes-Benz M-Class (2015),ML 350 CDI,DIESEL,115000.0,AUTOMATIC,1st Owner,"Maradu, Kochi",01-03-2022,3500000,Mercedes-Benz,2015.0,7.0
Hyundai I10 (2009),2007-2010 Sportz 1.2,PETROL,55000.0,MANUAL,2nd Owner,"Kasaridih, Durg",01-10-2022,180000,Hyundai,2009.0,13.0
Hyundai I10 (2009),2007-2010 Sportz 1.2,PETROL,55000.0,MANUAL,2nd Owner,"Kasaridih, Durg",01-10-2022,180000,Hyundai,2009.0,13.0
Chevrolet Optra Magnum (2009),1.6 LS Petrol,PETROL,90000.0,MANUAL,Fourth Owner,"Najafgarh, Delhi",01-13-2022,85000,Chevrolet,2009.0,13.0
Maruti Suzuki 800 (2004),Std MPFi,PETROL,70000.0,MANUAL,Third Owner,"Khed Shivapur, Pune",01-13-2022,49999,Maruti,2004.0,18.0
Maruti Suzuki 800 (2004),Std MPFi,PETROL,70000.0,MANUAL,Third Owner,"Khed Shivapur, Pune",01-13-2022,49999,Maruti,2004.0,18.0
Mercedes-Benz E-Class (2012),2013-2015 E250 CDI Avantgrade,DIESEL,85000.0,AUTOMATIC,1st Owner,"Moonnu Mukku Junction, Attingal",01-27-2022,1585000,Mercedes-Benz,2012.0,10.0
Mercedes-Benz E-Class (2012),2013-2015 E250 CDI Avantgrade,DIESEL,85000.0,AUTOMATIC,1st Owner,"Moonnu Mukku Junction, Attingal",01-27-2022,1585000,Mercedes-Benz,2012.0,10.0
Mercedes-Benz E-Class (2012),2013-2015 E250 CDI Avantgrade,DIESEL,85000.0,AUTOMATIC,1st Owner,"Moonnu Mukku Junction, Attingal",01-27-2022,1585000,Mercedes-Benz,2012.0,10.0
Mercedes-Benz E-Class (2012),2013-2015 E250 CDI Avantgrade,DIESEL,85000.0,AUTOMATIC,1st Owner,"Moonnu Mukku Junction, Attingal",01-27-2022,1585000,Mercedes-Benz,2012.0,10.0
Mercedes-Benz E-Class (2012),2013-2015 E250 CDI Avantgrade,DIESEL,85000.0,AUTOMATIC,1st Owner,"Moonnu Mukku Junction, Attingal",01-27-2022,1585000,Mercedes-Benz,2012.0,10.0
Maruti Suzuki 800 (2004),Std MPFi,PETROL,70000.0,MANUAL,Third Owner,"Khed Shivapur, Pune",Maharashtra,49999,Maruti,2004.0,18.0
Chevrolet Optra Magnum (2009),1.6 LS Petrol,PETROL,90000.0,MANUAL,Fourth Owner,"Najafgarh, Delhi",Delhi,85000,Chevrolet,2009.0,13.0
Chevrolet Optra Magnum (2009),1.6 LS Petrol,PETROL,90000.0,MANUAL,Fourth Owner,"Najafgarh, Delhi",Delhi,85000,Chevrolet,2009.0,13.0
Toyota Corolla Altis (2014),1.8 G,PETROL,68790.0,AUTOMATIC,1st Owner,"Bandra West, Mumbai",01-27-2022,850000,Toyota,2014.0,8.0
Toyota Corolla Altis (2014),1.8 G,PETROL,68790.0,AUTOMATIC,1st Owner,"Bandra West, Mumbai",01-27-2022,850000,Toyota,2014.0,8.0
Skoda Superb (2019),Style 1.8 TSI AT,PETROL,35000.0,AUTOMATIC,1st Owner,"Andheri West, Mumbai",01-27-2022,2350000,Skoda,2019.0,3.0
Skoda Superb (2019),Style 1.8 TSI AT,PETROL,35000.0,AUTOMATIC,1st Owner,"Andheri West, Mumbai",01-27-2022,2350000,Skoda,2019.0,3.0
Skoda Superb (2019),Style 1.8 TSI AT,PETROL,35000.0,AUTOMATIC,1st Owner,"Andheri West, Mumbai",01-27-2022,2350000,Skoda,2019.0,3.0
Skoda Superb (2019),Style 1.8 TSI AT,PETROL,35000.0,AUTOMATIC,1st Owner,"Andheri West, Mumbai",01-27-2022,2350000,Skoda,2019.0,3.0
Skoda Superb (2019),Style 1.8 TSI AT,PETROL,35000.0,AUTOMATIC,1st Owner,"Andheri West, Mumbai",01-27-2022,2350000,Skoda,2019.0,3.0
Maruti Suzuki Eeco (2019),5 Seater AC,PETROL,17000.0,MANUAL,1st Owner,"Rajarampuri, Kolhapur",01-27-2022,475000,Maruti,2019.0,3.0
Maruti Suzuki Eeco (2019),5 Seater AC,PETROL,17000.0,MANUAL,1st Owner,"Rajarampuri, Kolhapur",01-27-2022,475000,Maruti,2019.0,3.0
Maruti Suzuki Wagon R 1.0 (2017),1.0 VXi,PETROL,45000.0,AUTOMATIC,2nd Owner,"New Shahupuri, Kolhapur",01-27-2022,485000,Maruti,2017.0,5.0
Maruti Suzuki Zen (2006),VXI,PETROL,95000.0,MANUAL,3rd Owner,"Muvattupuzha, Muvattupuzha",01-27-2022,110000,Maruti,2006.0,16.0
Maruti Suzuki Estilo (2010),LXI,PETROL,18250.0,MANUAL,3rd Owner,"Barackpore, Kolkata",01-27-2022,180000,Maruti,2010.0,12.0
Maruti Suzuki Wagon R 1.0 (2017),1.0 VXi,PETROL,45000.0,AUTOMATIC,2nd Owner,"New Shahupuri, Kolhapur",01-27-2022,485000,Maruti,2017.0,5.0
Maruti Suzuki Wagon R 1.0 (2017),1.0 VXi,PETROL,45000.0,AUTOMATIC,2nd Owner,"New Shahupuri, Kolhapur",01-27-2022,485000,Maruti,2017.0,5.0
Maruti Suzuki Zen (2006),VXI,PETROL,95000.0,MANUAL,3rd Owner,"Muvattupuzha, Muvattupuzha",01-27-2022,110000,Maruti,2006.0,16.0
Maruti Suzuki Estilo (2010),LXI,PETROL,18250.0,MANUAL,3rd Owner,"Barackpore, Kolkata",01-27-2022,180000,Maruti,2010.0,12.0
Maruti Suzuki Swift Dzire (2014),VDI,DIESEL,60000.0,MANUAL,1st Owner,"Brahmsthan, Azamgarh",01-27-2022,400000,Maruti,2014.0,8.0
Maruti Suzuki Swift Dzire (2014),VDI,DIESEL,60000.0,MANUAL,1st Owner,"Brahmsthan, Azamgarh",01-27-2022,400000,Maruti,2014.0,8.0
Maruti Suzuki Wagon R Duo (2018),Others,CNG & HYBRIDS,55000.0,MANUAL,1st Owner,"Dahisar East, Mumbai",01-27-2022,465000,Maruti,2018.0,4.0
Maruti Suzuki Wagon R 1.0 (2017),1.0 VXi,PETROL,45000.0,AUTOMATIC,2nd Owner,"New Shahupuri, Kolhapur",01-27-2022,485000,Maruti,2017.0,5.0
Maruti Suzuki Wagon R 1.0 (2017),1.0 VXi,PETROL,45000.0,AUTOMATIC,2nd Owner,"New Shahupuri, Kolhapur",01-27-2022,485000,Maruti,2017.0,5.0
Maruti Suzuki Swift (2010),2004-2010 Lxi BSIII,PETROL,120000.0,MANUAL,Second Owner,"Shashtri Nagar, Delhi",Delhi,200000,Maruti,2010.0,12.0
Maruti Suzuki 800 (1998),Duo AC LPG,PETROL,60000.0,MANUAL,4+ Owner,"Gokul Nagar, Udaipur",01-27-2022,35000,Maruti,1998.0,24.0
Volkswagen Vento (2012),1.6 Highline,DIESEL,145000.0,MANUAL,2nd Owner,"Sector 62, Noida",01-27-2022,235000,Volkswagen,2012.0,10.0
Volkswagen Vento (2012),1.6 Highline,DIESEL,145000.0,MANUAL,2nd Owner,"Sector 62, Noida",01-27-2022,235000,Volkswagen,2012.0,10.0
Tata Bolt (2015),Quadrajet XM,DIESEL,85000.0,MANUAL,2nd Owner,"Parasakthi Colony, Sivakasi",01-27-2022,350000,Tata,2015.0,7.0
Nissan Sunny (2012),Diesel XV,DIESEL,135000.0,MANUAL,2nd Owner,"Baavi, Medarametla",01-27-2022,380000,Nissan,2012.0,10.0
Ford Fiesta (2013),1.5 TDCi Titanium,DIESEL,64000.0,MANUAL,#NAME?,"Tilak Nagar, Delhi",01-27-2022,296000,Ford,2013.0,9.0
Ford Fiesta (2013),1.5 TDCi Titanium,DIESEL,64000.0,MANUAL,#NAME?,"Tilak Nagar, Delhi",01-27-2022,296000,Ford,2013.0,9.0
Maruti Suzuki Swift (2009),2004-2010 Ldi BSIV,DIESEL,200000.0,MANUAL,1st Owner,"Drivers Colony, Bhadrachalam",01-27-2022,175000,Maruti,2009.0,13.0
Toyota Innova (2007),2.5 EV Diesel MS 8 Str BSIII,DIESEL,185000.0,MANUAL,2nd Owner,"Dabeerpura, Hyderabad",01-27-2022,400000,Toyota,2007.0,15.0
Toyota Innova (2007),2.5 EV Diesel MS 8 Str BSIII,DIESEL,185000.0,MANUAL,2nd Owner,"Dabeerpura, Hyderabad",01-27-2022,400000,Toyota,2007.0,15.0
Tata Bolt (2015),Quadrajet XM,DIESEL,85000.0,MANUAL,2nd Owner,"Parasakthi Colony, Sivakasi",01-27-2022,350000,Tata,2015.0,7.0
Audi A6 (2014),2.0 TDI,DIESEL,89000.0,AUTOMATIC,1st Owner,"Tidke Nagar, Nashik",01-27-2022,1600000,Audi,2014.0,8.0
Honda Amaze (2013),1.5 V CVT ( I-DTEC) Manual,PETROL,88800.0,MANUAL,1st Owner,"Sabzi Mandi, Shimla",01-27-2022,315000,Honda,2013.0,9.0
Honda Amaze (2013),1.5 V CVT ( I-DTEC) Manual,PETROL,88800.0,MANUAL,1st Owner,"Sabzi Mandi, Shimla",01-27-2022,315000,Honda,2013.0,9.0
Maruti Suzuki Others (2021),Unknown,CNG & HYBRIDS,5000.0,MANUAL,1st Owner,"Umiya Nagar, Nadiad",01-27-2022,645000,Maruti,2021.0,1.0
Maruti Suzuki Alto 800 (2017),LXI,PETROL,4000.0,MANUAL,1st Owner,"Golpark, Kolkata",01-27-2022,280000,Maruti,2017.0,5.0
Audi A6 (2015),35 TDI,DIESEL,79800.0,AUTOMATIC,2nd Owner,"Richmond Road, Bengaluru",01-27-2022,2100000,Audi,2015.0,7.0
Audi A6 (2015),35 TDI,DIESEL,79800.0,AUTOMATIC,2nd Owner,"Richmond Road, Bengaluru",01-27-2022,2100000,Audi,2015.0,7.0
Hyundai I20 (2017),1.2 Asta,PETROL,33000.0,MANUAL,2nd Owner,"New Timber Market Area, Raipur",01-27-2022,620000,Hyundai,2017.0,5.0
Hyundai I20 (2017),1.2 Asta,PETROL,33000.0,MANUAL,2nd Owner,"New Timber Market Area, Raipur",01-27-2022,620000,Hyundai,2017.0,5.0
Audi Q3 (2016),35 TDI Quattro Premium Plus,DIESEL,80000.0,AUTOMATIC,2nd Owner,"Mr 10 Road, Indore",01-08-2022,1750000,Audi,2016.0,6.0
Audi Q3 (2016),35 TDI Quattro Premium Plus,DIESEL,80000.0,AUTOMATIC,2nd Owner,"Mr 10 Road, Indore",01-08-2022,1750000,Audi,2016.0,6.0
Volvo Xc60 (2017),Momentum D4,DIESEL,89000.0,AUTOMATIC,2nd Owner,"Mehdipatnam, Hyderabad",01-27-2022,2400000,Volvo,2017.0,5.0
Volvo Xc60 (2017),Momentum D4,DIESEL,89000.0,AUTOMATIC,2nd Owner,"Mehdipatnam, Hyderabad",01-27-2022,2400000,Volvo,2017.0,5.0
Toyota Innova (2007),2.5 EV Diesel MS 8 Str BSIII,DIESEL,185000.0,MANUAL,2nd Owner,"Dabeerpura, Hyderabad",01-27-2022,400000,Toyota,2007.0,15.0
Hyundai I20 (2017),1.2 Asta,PETROL,33000.0,MANUAL,2nd Owner,"New Timber Market Area, Raipur",01-27-2022,620000,Hyundai,2017.0,5.0
Honda Amaze (2013),1.5 V CVT ( I-DTEC) Manual,PETROL,88800.0,MANUAL,1st Owner,"Sabzi Mandi, Shimla",01-27-2022,315000,Honda,2013.0,9.0
Maruti Suzuki 800 (2004),Std MPFi,PETROL,70000.0,MANUAL,Third Owner,"Khed Shivapur, Pune",Maharashtra,49999,Maruti,2004.0,18.0
Audi Q3 (2016),35 TDI Quattro Premium Plus,DIESEL,80000.0,AUTOMATIC,2nd Owner,"Mr 10 Road, Indore",01-08-2022,1750000,Audi,2016.0,6.0
Honda Jazz (2015),V Automatic,PETROL,21000.0,AUTOMATIC,2nd Owner,"Janakpuri, Delhi",01-25-2022,500000,Honda,2015.0,7.0
Volkswagen Vento (2012),1.6 Highline,DIESEL,145000.0,MANUAL,2nd Owner,"Sector 62, Noida",01-27-2022,235000,Volkswagen,2012.0,10.0
Volkswagen Vento (2012),1.6 Highline,DIESEL,145000.0,MANUAL,2nd Owner,"Sector 62, Noida",01-27-2022,235000,Volkswagen,2012.0,10.0
Volkswagen Vento (2012),1.6 Highline,DIESEL,145000.0,MANUAL,2nd Owner,"Sector 62, Noida",01-27-2022,235000,Volkswagen,2012.0,10.0
Volkswagen Vento (2012),1.6 Highline,DIESEL,145000.0,MANUAL,2nd Owner,"Sector 62, Noida",01-27-2022,235000,Volkswagen,2012.0,10.0
Volkswagen Vento (2012),1.6 Highline,DIESEL,145000.0,MANUAL,2nd Owner,"Sector 62, Noida",01-27-2022,235000,Volkswagen,2012.0,10.0
Volkswagen Vento (2012),1.6 Highline,DIESEL,145000.0,MANUAL,2nd Owner,"Sector 62, Noida",01-27-2022,235000,Volkswagen,2012.0,10.0
Volkswagen Vento (2012),1.6 Highline,DIESEL,145000.0,MANUAL,2nd Owner,"Sector 62, Noida",01-27-2022,235000,Volkswagen,2012.0,10.0
Honda Jazz (2015),V Automatic,PETROL,21000.0,AUTOMATIC,2nd Owner,"Janakpuri, Delhi",01-25-2022,500000,Honda,2015.0,7.0
Chevrolet Optra Magnum (2009),1.6 LS Petrol,PETROL,90000.0,MANUAL,Fourth Owner,"Najafgarh, Delhi",01/25/2022,85000,Chevrolet,2009.0,13.0
Chevrolet Optra Magnum (2009),1.6 LS Petrol,PETROL,90000.0,MANUAL,Fourth Owner,"Najafgarh, Delhi",01/25/2022,85000,Chevrolet,2009.0,13.0
Maruti Suzuki 800 (2004),Std MPFi,PETROL,70000.0,MANUAL,Third Owner,"Khed Shivapur, Pune",01/24/2022,49999,Maruti,2004.0,18.0
Ford Ecosport (2017),1.5 Diesel Titanium,DIESEL,97000.0,MANUAL,1st Owner,"Tidke Nagar, Nashik",01-27-2022,675000,Ford,2017.0,5.0
Volkswagen Polo (2011),2009-2013 Petrol Comfortline 1.2L,DIESEL,117000.0,MANUAL,2nd Owner,"Parasakthi Colony, Sivakasi",01-27-2022,270000,Volkswagen,2011.0,11.0
Volvo Xc60 (2017),Momentum D4,DIESEL,89000.0,AUTOMATIC,2nd Owner,"Mehdipatnam, Hyderabad",01-27-2022,2400000,Volvo,2017.0,5.0
Volvo Xc60 (2017),Momentum D4,DIESEL,89000.0,AUTOMATIC,2nd Owner,"Mehdipatnam, Hyderabad",01-27-2022,2400000,Volvo,2017.0,5.0
Toyota Fortuner (2017),3.0 4x4 Automatic,DIESEL,50000.0,AUTOMATIC,1st Owner,"Jubilee Hills, Hyderabad",01-27-2022,2899999,Toyota,2017.0,5.0
Mahindra Bolero Pik-Up (2012),FB 1.25T,DIESEL,148000.0,MANUAL,2nd Owner,"Saha Industrial Area, Saha",01-27-2022,370000,Mahindra,2012.0,10.0
Tata Tiago (2018),1.2 Revotron XTA,PETROL,68000.0,AUTOMATIC,1st Owner,"Assissi Nagar, Aluva",01-14-2022,475000,Tata,2018.0,4.0
Tata Tiago (2018),1.2 Revotron XTA,PETROL,68000.0,AUTOMATIC,1st Owner,"Assissi Nagar, Aluva",01-14-2022,475000,Tata,2018.0,4.0
Ford Fiesta (2010),2008-2011 1.4 ZXi TDCi LE,DIESEL,125000.0,MANUAL,2nd Owner,"NGO Colony, Pamur",01-27-2022,200000,Ford,2010.0,12.0
Tata Others (2012),Unknown,DIESEL,5000.0,MANUAL,2nd Owner,"Anna Bhau Sathe Chowk, Nanded",01-27-2022,800000,Tata,2012.0,10.0
Mahindra Xylo (2012),2012-2014 E8 ABS BS III,DIESEL,150000.0,MANUAL,2nd Owner,"Parasakthi Colony, Sivakasi",01-27-2022,493000,Mahindra,2012.0,10.0
Maruti Suzuki Swift (2015),VDI,DIESEL,97000.0,MANUAL,2nd Owner,"Anthiyoorkonam, Thiruvananthapuram",01-27-2022,450000,Maruti,2015.0,7.0
Toyota Fortuner (2017),3.0 4x4 Automatic,DIESEL,50000.0,AUTOMATIC,1st Owner,"Jubilee Hills, Hyderabad",01-27-2022,2899999,Toyota,2017.0,5.0
Toyota Fortuner (2017),3.0 4x4 Automatic,DIESEL,50000.0,AUTOMATIC,1st Owner,"Jubilee Hills, Hyderabad",01-27-2022,2899999,Toyota,2017.0,5.0
Volvo Xc60 (2017),Momentum D4,DIESEL,89000.0,AUTOMATIC,2nd Owner,"Mehdipatnam, Hyderabad",01-27-2022,2400000,Volvo,2017.0,5.0
Volvo Xc60 (2017),Momentum D4,DIESEL,89000.0,AUTOMATIC,2nd Owner,"Mehdipatnam, Hyderabad",01-27-2022,2400000,Volvo,2017.0,5.0
Maruti Suzuki 800 (2004),Std MPFi,PETROL,70000.0,MANUAL,Third Owner,"Khed Shivapur, Pune",Maharashtra,49999,Maruti,2004.0,18.0
Hyundai Accent (2005),DLS,PETROL,95000.0,AUTOMATIC,4th Owner,"Kulswamini Vihar, Amravati",01-27-2022,85000,Hyundai,2005.0,17.0
Maruti Suzuki Wagon R (2017),VXI BS IV,PETROL,22464.0,MANUAL,1st Owner,"Narela, Delhi",01-27-2022,418500,Maruti,2017.0,5.0
Maruti Suzuki Wagon R (2017),VXI BS IV,PETROL,22464.0,MANUAL,1st Owner,"Narela, Delhi",01-27-2022,418500,Maruti,2017.0,5.0
Hyundai Accent (2005),DLS,PETROL,95000.0,AUTOMATIC,4th Owner,"Kulswamini Vihar, Amravati",01-27-2022,85000,Hyundai,2005.0,17.0
Maruti Suzuki Zen (2004),LX,PETROL,100000.0,MANUAL,2nd Owner,"Saraswati Vihar, Amritsar",01-27-2022,90000,Maruti,2004.0,18.0
Maruti Suzuki Zen (2004),LX,PETROL,100000.0,MANUAL,2nd Owner,"Saraswati Vihar, Amritsar",01-27-2022,90000,Maruti,2004.0,18.0
Maruti Suzuki Swift Dzire (2012),LXI,PETROL,110000.0,MANUAL,3rd Owner,"Bharat Nagar, Sillod",01-27-2022,345000,Maruti,2012.0,10.0
Mahindra Xuv500 (2015),W10 2WD,DIESEL,64153.0,MANUAL,1st Owner,"Madhapur, Hyderabad",01-27-2022,1200000,Mahindra,2015.0,7.0
Mahindra Xuv500 (2018),W11,DIESEL,42000.0,MANUAL,1st Owner,"Vaishali Nagar, Jaipur",01-22-2022,1550000,Mahindra,2018.0,4.0
Maruti Suzuki Wagon R (2013),LXI CNG,CNG,120000.0,MANUAL,Second Owner,"Rohini, Delhi",Delhi,260000,Maruti,2013.0,9.0
Maruti Suzuki Swift Dzire (2014),ZDI,DIESEL,102175.0,MANUAL,3rd Owner,Oulgaret,01-27-2022,410000,Maruti,2014.0,8.0
Bmw X5 M (2016),Others,DIESEL,50000.0,AUTOMATIC,1st Owner,"Santacruz West, Mumbai",01-27-2022,4850000,Bmw,2016.0,6.0
Bmw X5 M (2016),Others,DIESEL,50000.0,AUTOMATIC,1st Owner,"Santacruz West, Mumbai",01-27-2022,4850000,Bmw,2016.0,6.0
Mahindra Xuv500 (2015),W10 2WD,DIESEL,64153.0,MANUAL,1st Owner,"Madhapur, Hyderabad",01-27-2022,1200000,Mahindra,2015.0,7.0
Maruti Suzuki Alto (2008),2005-2010 LXi BSIII,PETROL,50000.0,MANUAL,Second Owner,"Royal Enclave, Jodhpur",Rajasthan,150000,Maruti,2008.0,14.0
Maruti Suzuki Alto (2008),2005-2010 LXi BSIII,PETROL,50000.0,MANUAL,Second Owner,"Royal Enclave, Jodhpur",Rajasthan,150000,Maruti,2008.0,14.0
Skoda Superb (2014),2013-2015 Ambition 1.8 TSI MT,PETROL,78000.0,MANUAL,1st Owner,"Attapur, Hyderabad",01-27-2022,750000,Skoda,2014.0,8.0
Honda City (2021),i-VTEC CVT VX,PETROL,3500.0,AUTOMATIC,1st Owner,"Andheri West, Mumbai",01-07-2022,1499000,Honda,2021.0,1.0
Volkswagen Polo (2016),Unknown,DIESEL,50000.0,MANUAL,1st Owner,"Sector 71, Noida",01-09-2022,379000,Volkswagen,2016.0,6.0
Hyundai Creta (2020),1.6 SX Option Executive Diesel,DIESEL,43861.0,MANUAL,1st Owner,"Ahiritola, Kolkata",01-23-2022,1165101,Hyundai,2020.0,2.0
Hyundai Verna (2019),VTVT 1.4 EX,PETROL,17000.0,MANUAL,2nd Owner,"Chelavoor, Pantheeramkavu",01-13-2022,815000,Hyundai,2019.0,3.0
Hyundai Verna (2019),VTVT 1.4 EX,PETROL,17000.0,MANUAL,2nd Owner,"Chelavoor, Pantheeramkavu",01-13-2022,815000,Hyundai,2019.0,3.0
Hyundai Verna (2019),VTVT 1.4 EX,PETROL,17000.0,MANUAL,2nd Owner,"Chelavoor, Pantheeramkavu",01-13-2022,815000,Hyundai,2019.0,3.0
Hyundai Verna (2019),VTVT 1.4 EX,PETROL,17000.0,MANUAL,2nd Owner,"Chelavoor, Pantheeramkavu",01-13-2022,815000,Hyundai,2019.0,3.0
Volkswagen Polo (2016),Unknown,DIESEL,50000.0,MANUAL,1st Owner,"Sector 71, Noida",01-09-2022,379000,Volkswagen,2016.0,6.0
Hyundai Creta (2020),1.6 SX Option Executive Diesel,DIESEL,43861.0,MANUAL,1st Owner,"Ahiritola, Kolkata",01-23-2022,1165101,Hyundai,2020.0,2.0
Hyundai Verna (2019),VTVT 1.4 EX,PETROL,17000.0,MANUAL,2nd Owner,"Chelavoor, Pantheeramkavu",01-13-2022,815000,Hyundai,2019.0,3.0
Toyota Fortuner (2010),3.0 4x4 Manual,DIESEL,113000.0,MANUAL,2nd Owner,"Sion East, Mumbai",01-27-2022,899999,Toyota,2010.0,12.0
Toyota Fortuner (2010),3.0 4x4 Manual,DIESEL,113000.0,MANUAL,2nd Owner,"Sion East, Mumbai",01-27-2022,899999,Toyota,2010.0,12.0
Volkswagen Polo (2016),Unknown,DIESEL,50000.0,MANUAL,1st Owner,"Sector 71, Noida",01-09-2022,379000,Volkswagen,2016.0,6.0
Hyundai Creta (2020),1.6 SX Option Executive Diesel,DIESEL,43861.0,MANUAL,1st Owner,"Ahiritola, Kolkata",01-23-2022,1165101,Hyundai,2020.0,2.0
Hyundai Verna (2019),VTVT 1.4 EX,PETROL,17000.0,MANUAL,2nd Owner,"Chelavoor, Pantheeramkavu",01-13-2022,815000,Hyundai,2019.0,3.0
Volkswagen Polo (2016),Unknown,DIESEL,50000.0,MANUAL,1st Owner,"Sector 71, Noida",01-09-2022,379000,Volkswagen,2016.0,6.0
Hyundai Creta (2020),1.6 SX Option Executive Diesel,DIESEL,43861.0,MANUAL,1st Owner,"Ahiritola, Kolkata",01-23-2022,1165101,Hyundai,2020.0,2.0
Hyundai Verna (2019),VTVT 1.4 EX,PETROL,17000.0,MANUAL,2nd Owner,"Chelavoor, Pantheeramkavu",01-13-2022,815000,Hyundai,2019.0,3.0
Volkswagen Polo (2016),Unknown,DIESEL,50000.0,MANUAL,1st Owner,"Sector 71, Noida",01-09-2022,379000,Volkswagen,2016.0,6.0
Hyundai Creta (2020),1.6 SX Option Executive Diesel,DIESEL,43861.0,MANUAL,1st Owner,"Ahiritola, Kolkata",01-23-2022,1165101,Hyundai,2020.0,2.0
Hyundai Verna (2019),VTVT 1.4 EX,PETROL,17000.0,MANUAL,2nd Owner,"Chelavoor, Pantheeramkavu",01-13-2022,815000,Hyundai,2019.0,3.0
Volkswagen Polo (2016),Unknown,DIESEL,50000.0,MANUAL,1st Owner,"Sector 71, Noida",01-09-2022,379000,Volkswagen,2016.0,6.0
Hyundai Creta (2020),1.6 SX Option Executive Diesel,DIESEL,43861.0,MANUAL,1st Owner,"Ahiritola, Kolkata",01-23-2022,1165101,Hyundai,2020.0,2.0
Hyundai Verna (2019),VTVT 1.4 EX,PETROL,17000.0,MANUAL,2nd Owner,"Chelavoor, Pantheeramkavu",01-13-2022,815000,Hyundai,2019.0,3.0
Volkswagen Polo (2016),Unknown,DIESEL,50000.0,MANUAL,1st Owner,"Sector 71, Noida",01-09-2022,379000,Volkswagen,2016.0,6.0
Hyundai Creta (2020),1.6 SX Option Executive Diesel,DIESEL,43861.0,MANUAL,1st Owner,"Ahiritola, Kolkata",01-23-2022,1165101,Hyundai,2020.0,2.0
Hyundai Verna (2019),VTVT 1.4 EX,PETROL,17000.0,MANUAL,2nd Owner,"Chelavoor, Pantheeramkavu",01-13-2022,815000,Hyundai,2019.0,3.0
Audi Q2 (2021),Others,PETROL,4000.0,AUTOMATIC,1st Owner,"Camac Street Area, Kolkata",01-20-2022,3450000,Audi,2021.0,1.0
Maruti Suzuki Ritz (2013),Zdi BS-IV,DIESEL,42000.0,MANUAL,1st Owner,"EM Bypass - Science City Area, Kolkata",01-15-2022,289000,Maruti,2013.0,9.0
Renault Duster (2016),2015-2016 85PS Diesel RxE,DIESEL,63000.0,MANUAL,1st Owner,"EM Bypass - Science City Area, Kolkata",01-18-2022,480000,Renault,2016.0,6.0
Audi Q2 (2021),Others,PETROL,4000.0,AUTOMATIC,1st Owner,"Camac Street Area, Kolkata",01-20-2022,3450000,Audi,2021.0,1.0
Honda Jazz (2015),1.5 V i DTEC,DIESEL,81379.0,MANUAL,First Owner,"Saltlake Sector II, Kolkata",WB,340000,Honda,2015.0,7.0
Renault Duster (2016),2015-2016 85PS Diesel RxE,DIESEL,63000.0,MANUAL,1st Owner,"EM Bypass - Science City Area, Kolkata",01-18-2022,480000,Renault,2016.0,6.0
Ford Ecosport (2015),1.5 TDCi Titanium Plus,DIESEL,51328.0,MANUAL,Second Owner,"Picnic Garden, Kolkata",WB,538999,Ford,2015.0,7.0
Ford Ecosport (2015),1.5 Diesel Titanium Plus,DIESEL,57713.0,MANUAL,1st Owner,"Uttar Panchanan Gram, Kolkata",01-27-2022,475000,Ford,2015.0,7.0
Ford Ecosport (2015),1.5 Diesel Titanium Plus,DIESEL,57713.0,MANUAL,1st Owner,"Uttar Panchanan Gram, Kolkata",01-27-2022,475000,Ford,2015.0,7.0
Land Rover Range Rover Evoque (2012),Evoque Prestige SD4,DIESEL,46300.0,AUTOMATIC,1st Owner,"Saltlake Sector 1, Kolkata",04-29-2021,2199000,Land,2012.0,10.0
Land Rover Range Rover Evoque (2012),Evoque Prestige SD4,DIESEL,46300.0,AUTOMATIC,1st Owner,"Saltlake Sector 1, Kolkata",04-29-2021,2199000,Land,2012.0,10.0
Mahindra Bolero Power Plus (2019),SLE,DIESEL,14900.0,MANUAL,1st Owner,"Park Circus, Kolkata",12-22-2021,760000,Mahindra,2019.0,3.0
Honda Jazz (2015),1.5 V i DTEC,DIESEL,81379.0,MANUAL,First Owner,"Saltlake Sector II, Kolkata",WB,340000,Honda,2015.0,7.0
Ford Ecosport (2015),1.5 TDCi Titanium Plus,DIESEL,51328.0,MANUAL,Second Owner,"Picnic Garden, Kolkata",WB,538999,Ford,2015.0,7.0
Ford Ecosport (2015),1.5 Diesel Titanium Plus,DIESEL,57713.0,MANUAL,1st Owner,"Uttar Panchanan Gram, Kolkata",01-27-2022,475000,Ford,2015.0,7.0
Hyundai Creta (2016),1.6 CRDi SX Option,DIESEL,32000.0,MANUAL,2nd Owner,"Paikpara, Kolkata",01-27-2022,825000,Hyundai,2016.0,6.0
Volkswagen Polo (2016),Unknown,DIESEL,50000.0,MANUAL,1st Owner,"Sector 71, Noida",01-09-2022,379000,Volkswagen,2016.0,6.0
Hyundai Creta (2020),1.6 SX Option Executive Diesel,DIESEL,43861.0,MANUAL,1st Owner,"Ahiritola, Kolkata",01-23-2022,1165101,Hyundai,2020.0,2.0
Hyundai Verna (2019),VTVT 1.4 EX,PETROL,17000.0,MANUAL,2nd Owner,"Chelavoor, Pantheeramkavu",01-13-2022,815000,Hyundai,2019.0,3.0
Volkswagen Polo (2016),Unknown,DIESEL,50000.0,MANUAL,1st Owner,"Sector 71, Noida",01-09-2022,379000,Volkswagen,2016.0,6.0
Hyundai Creta (2020),1.6 SX Option Executive Diesel,DIESEL,43861.0,MANUAL,1st Owner,"Ahiritola, Kolkata",01-23-2022,1165101,Hyundai,2020.0,2.0
Hyundai Verna (2019),VTVT 1.4 EX,PETROL,17000.0,MANUAL,2nd Owner,"Chelavoor, Pantheeramkavu",01-13-2022,815000,Hyundai,2019.0,3.0
Mg Hector (2019),Sharp diesel Manual,DIESEL,78000.0,MANUAL,1st Owner,"Yewlekar Mala, Nashik",11-29-2021,1835000,Mg,2019.0,3.0
Maruti Suzuki Swift Dzire (2009),VXI 1.2,PETROL,112052.0,MANUAL,1st Owner,"Thakray Circle Chowk, Nashik",01-07-2022,295000,Maruti,2009.0,13.0
Mg Hector (2019),Sharp diesel Manual,DIESEL,78000.0,MANUAL,1st Owner,"Yewlekar Mala, Nashik",11-29-2021,1835000,Mg,2019.0,3.0
Maruti Suzuki Swift Dzire (2009),VXI 1.2,PETROL,112052.0,MANUAL,1st Owner,"Thakray Circle Chowk, Nashik",01-07-2022,295000,Maruti,2009.0,13.0
Maruti Suzuki Wagon R 1.0 (2016),1.0 VXi,PETROL,34000.0,AUTOMATIC,1st Owner,"Lekha Nagar, Nashik",01-22-2022,411000,Maruti,2016.0,6.0
Maruti Suzuki Swift Dzire (2011),1.2 Vxi BSIV,PETROL,90000.0,MANUAL,Second Owner,"Madhuban Nagar, Nashik",01-27-2022,290000,Maruti,2011.0,11.0
Hyundai I10 (2010),1.1L iRDE ERA Special Edition,PETROL,90000.0,MANUAL,First Owner,"DGP Nagar, Nashik",01-27-2022,190000,Hyundai,2010.0,12.0
Chevrolet Spark (2011),1.0 LS,PETROL,52000.0,MANUAL,1st Owner,"Gulmohar Vihar, Nashik",01-27-2022,155000,Chevrolet,2011.0,11.0
Mahindra Xylo (2012),2012-2014 E9,DIESEL,132647.0,MANUAL,Third Owner,"Moti Nagar, Hyderabad",01-27-2022,625000,Mahindra,2012.0,10.0
Mahindra Xylo (2012),2012-2014 E9,DIESEL,132647.0,MANUAL,Third Owner,"Moti Nagar, Hyderabad",01-27-2022,625000,Mahindra,2012.0,10.0
Mahindra Xylo (2019),D4 BS III,DIESEL,52000.0,MANUAL,1st Owner,"Shivam Road, Hyderabad",01-24-2022,550000,Mahindra,2019.0,3.0
Mahindra Xylo (2019),D4,DIESEL,51000.0,MANUAL,1st Owner,"Nagole, Hyderabad",01-27-2022,550000,Mahindra,2019.0,3.0
Mahindra Xylo (2019),D4,DIESEL,82000.0,MANUAL,1st Owner,"Commercial Tax Colony, Hyderabad",01-26-2022,595000,Mahindra,2019.0,3.0
Mahindra Xylo (2019),D4,DIESEL,82000.0,MANUAL,1st Owner,"Commercial Tax Colony, Hyderabad",01-26-2022,595000,Mahindra,2019.0,3.0
Mahindra Xylo (2019),D4,DIESEL,51000.0,MANUAL,1st Owner,"Nagole, Hyderabad",01-27-2022,550000,Mahindra,2019.0,3.0
Mahindra Xylo (2019),D4,DIESEL,51000.0,MANUAL,1st Owner,"Nagole, Hyderabad",01-27-2022,550000,Mahindra,2019.0,3.0
Mahindra Xylo (2019),D4,DIESEL,82000.0,MANUAL,1st Owner,"Commercial Tax Colony, Hyderabad",01-26-2022,595000,Mahindra,2019.0,3.0
Maruti Suzuki Wagon R (2016),VXI AMT,PETROL,46851.0,MANUAL,1st Owner,"Satya Vihar, Bhubaneshwar",12-13-2021,349000,Maruti,2016.0,6.0
Maruti Suzuki Wagon R (2015),VXI,PETROL,30301.0,MANUAL,1st Owner,"Acharya Vihar, Bhubaneshwar",01-26-2022,325000,Maruti,2015.0,7.0
Maruti Suzuki Wagon R (2016),VXI,PETROL,61000.0,MANUAL,1st Owner,"Jayadev Vihar, Bhubaneshwar",01-27-2022,350000,Maruti,2016.0,6.0
Maruti Suzuki Wagon R (2015),VXI,PETROL,30301.0,MANUAL,1st Owner,"Acharya Vihar, Bhubaneshwar",01-26-2022,325000,Maruti,2015.0,7.0
Maruti Suzuki Wagon R (2016),VXI,PETROL,61000.0,MANUAL,1st Owner,"Jayadev Vihar, Bhubaneshwar",01-27-2022,350000,Maruti,2016.0,6.0
Maruti Suzuki Wagon R (2015),VXI,PETROL,30301.0,MANUAL,1st Owner,"Acharya Vihar, Bhubaneshwar",01-26-2022,325000,Maruti,2015.0,7.0
Audi Q7 (2012),3.0 TDI Quattro Premium Plus,DIESEL,98567.0,AUTOMATIC,1st Owner,"Industrial Area, Chandigarh",01-05-2022,1785000,Audi,2012.0,10.0
Audi Q7 (2013),3.0 TDI quattro,DIESEL,80000.0,AUTOMATIC,1st Owner,"Sector 69, Mohali",01-26-2022,1850000,Audi,2013.0,9.0
Audi Q7 (2013),3.0 TDI Quattro Premium Plus,DIESEL,80000.0,AUTOMATIC,1st Owner,"Chandigarh Airport Area, Chandigarh",01-27-2022,1685000,Audi,2013.0,9.0
Audi Q7 (2013),3.0 TDI Quattro Premium Plus,DIESEL,80000.0,AUTOMATIC,1st Owner,"Chandigarh Airport Area, Chandigarh",01-27-2022,1685000,Audi,2013.0,9.0
Audi Q7 (2013),3.0 TDI quattro,DIESEL,80000.0,AUTOMATIC,1st Owner,"Sector 69, Mohali",01-26-2022,1850000,Audi,2013.0,9.0
Audi Q7 (2013),3.0 TDI Quattro Premium Plus,DIESEL,80000.0,AUTOMATIC,1st Owner,"Chandigarh Airport Area, Chandigarh",01-27-2022,1685000,Audi,2013.0,9.0
Audi A6 (2011),2.0 TDI,DIESEL,125293.0,AUTOMATIC,2nd Owner,"Industrial Area, Chandigarh",12-25-2021,895000,Audi,2011.0,11.0
Audi A6 (2011),2.0 TDI,DIESEL,125293.0,AUTOMATIC,2nd Owner,"Industrial Area, Chandigarh",12-25-2021,895000,Audi,2011.0,11.0
Audi A6 (2010),2009-2011 2.7 TDI,DIESEL,84000.0,AUTOMATIC,1st Owner,"Shivalik Enclave, Chandigarh",01-26-2022,785000,Audi,2010.0,12.0
Maruti Suzuki Swift (2006),2004-2010 LXi BSIV,CNG,120000.0,MANUAL,Fourth Owner,"Sector 34A, Chandigarh",Other minor issues,160000,Maruti,2006.0,16.0
Hyundai Verna (2012),2011-2014 1.6 CRDI,DIESEL,120000.0,MANUAL,First Owner,"Sector 37C, Chandigarh",Haryana,425000,Hyundai,2012.0,10.0
Maruti Suzuki Sx4 (2013),ZXi,PETROL,87000.0,MANUAL,2nd Owner,"Sector 40A, Chandigarh",01-27-2022,310000,Maruti,2013.0,9.0
Hyundai Verna (2012),2011-2014 1.6 CRDI,DIESEL,120000.0,MANUAL,First Owner,"Sector 37C, Chandigarh",Haryana,425000,Hyundai,2012.0,10.0
Bmw 5 Series (2010),520d,DIESEL,90000.0,AUTOMATIC,2nd Owner,"Sector 1, Chandigarh",01-27-2022,1050000,Bmw,2010.0,12.0
Ford Mustang (2018),V8,PETROL,10000.0,AUTOMATIC,1st Owner,"Sector 19C, Chandigarh",01-27-2022,6450000,Ford,2018.0,4.0
Ford Mustang (2018),V8,PETROL,10000.0,AUTOMATIC,1st Owner,"Sector 19C, Chandigarh",01-27-2022,6450000,Ford,2018.0,4.0
Ford Mustang (2017),V8,DIESEL,16000.0,AUTOMATIC,2nd Owner,"Sector 22B, Chandigarh",01-25-2022,7175000,Ford,2017.0,5.0
Volkswagen Polo (2016),V,DIESEL,50000.0,MANUAL,1st Owner,"Sector 71, Noida",01-09-2022,379000,Volkswagen,2016.0,6.0
Hyundai Creta (2020),1.6 SX Option Executive Diesel,DIESEL,43861.0,MANUAL,1st Owner,"Ahiritola, Kolkata",01-23-2022,1165101,Hyundai,2020.0,2.0
Hyundai Verna (2019),VTVT 1.4 EX,PETROL,17000.0,MANUAL,2nd Owner,"Chelavoor, Pantheeramkavu",01-13-2022,815000,Hyundai,2019.0,3.0
Datsun Redigo (2020),D,PETROL,10000.0,MANUAL,First Owner,"Palam, Delhi",01-13-2022,270000,Datsun,2020.0,2.0
Hyundai I10 (2011),Sportz 1.1 iRDE2,PETROL,70000.0,MANUAL,First Owner,"Dwarka Sector 13, Delhi",01-13-2022,185000,Hyundai,2011.0,11.0
Toyota Innova (2011),2004-2011 2.5 V Diesel 7-seater,DIESEL,140000.0,MANUAL,2nd Owner,"Rajivgandhi Nagar, Tumakuru",01-27-2022,740000,Toyota,2011.0,11.0
Maruti Suzuki Wagon R (2017),VXI BS IV,PETROL,22464.0,MANUAL,1st Owner,"Meerut Road Industrial Area Sector 21, Ghaziabad",01-27-2022,418500,Maruti,2017.0,5.0
Mahindra Xuv500 (2013),W8 Dual Tone,DIESEL,58000.0,MANUAL,1st Owner,"Pitampura, Delhi",01-27-2022,435000,Mahindra,2013.0,9.0
Maruti Suzuki Swift (2016),ZXI,PETROL,84000.0,MANUAL,1st Owner,"Calicut Medical College, Kozhikode",01-27-2022,480000,Maruti,2016.0,6.0
Maruti Suzuki Swift (2013),2011-2014 VDI,DIESEL,93000.0,MANUAL,1st Owner,"Budhakhera, Karnal",01-27-2022,320000,Maruti,2013.0,9.0
Chevrolet Tavera Neo (2015),LS B3 - 10 seats BSII,DIESEL,149000.0,MANUAL,1st Owner,"Pilaviduthy, Karambakkudi",01-27-2022,490000,Chevrolet,2015.0,7.0
Bmw 5 Series (2012),520d,DIESEL,64000.0,AUTOMATIC,2nd Owner,"Sector 16, Faridabad",01-24-2022,1025000,Bmw,2012.0,10.0
Nissan Micra (2016),XL CVT,PETROL,31000.0,AUTOMATIC,1st Owner,"Shahibag, Ahmedabad",01-06-2022,420000,Nissan,2016.0,6.0
Maruti Suzuki Swift Dzire (2013),VDI,DIESEL,161000.0,MANUAL,1st Owner,"Salem East Old, Salem",11-02-2021,540000,Maruti,2013.0,9.0
Tata Safari Storme (2015),LX,DIESEL,118642.0,MANUAL,2nd Owner,"Ambala Cantt, Ambala",12-11-2021,600000,Tata,2015.0,7.0
Tata Safari Storme (2014),EX,DIESEL,95000.0,MANUAL,2nd Owner,"Jaggi Colony, Ambala",12-30-2021,530000,Tata,2014.0,8.0
Hyundai I10 (2010),1.2 KAPPA ASTA O,PETROL,50000.0,MANUAL,First Owner,"Shahdara, Delhi",01-13-2022,150000,Hyundai,2010.0,12.0
Maruti Suzuki Alto 800 (2012),2012-2016 LXI,PETROL,20000.0,MANUAL,First Owner,"Dahisar East, Mumbai",01-13-2022,165000,Maruti,2012.0,10.0
Mercedes-Benz S-Class (2004),S 350 L,PETROL,52300.0,AUTOMATIC,2nd Owner,"JP Nagar, Bengaluru",01-27-2022,329000,Mercedes-Benz,2004.0,18.0
Mercedes-Benz S-Class (2004),S 350 L,PETROL,52300.0,AUTOMATIC,2nd Owner,"JP Nagar, Bengaluru",01-27-2022,329000,Mercedes-Benz,2004.0,18.0
Maruti Suzuki Swift Dzire (2014),VDI,DIESEL,78956.0,MANUAL,1st Owner,"Vadodara Goverment Colony, Vadodara",01-27-2022,450000,Maruti,2014.0,8.0
Ssangyong Rexton (2013),RX7,DIESEL,59000.0,AUTOMATIC,1st Owner,"Sarojini Nagar, Delhi",01-27-2022,595000,Ssangyong,2013.0,9.0
Maruti Suzuki Wagon R (2017),VXI BS IV,PETROL,22464.0,MANUAL,1st Owner,"Shahdara, Delhi",01-27-2022,418500,Maruti,2017.0,5.0
Honda Amaze (2015),S i-VTEC,PETROL,17000.0,AUTOMATIC,1st Owner,"East Coast Road, Chennai",01-27-2022,520000,Honda,2015.0,7.0
Tata Nexon (2019),AMT 1.5 Revotorq XMA,DIESEL,59000.0,MANUAL,1st Owner,"Calicut Beach, Kozhikode",01-27-2022,775000,Tata,2019.0,3.0
Tata Indica (2000),DL,DIESEL,0.0,AUTOMATIC,1st Owner,"Bibi Pakar, Darbhanga",01-27-2022,15000,Tata,2000.0,22.0
Maruti Suzuki Alto 800 (2017),VXI Airbag,PETROL,14800.0,MANUAL,1st Owner,"Chelavoor, Pantheeramkavu",01-27-2022,315000,Maruti,2017.0,5.0
Hyundai Creta (2017),1.6 SX Plus,PETROL,41545.0,MANUAL,1st Owner,"Madhapur, Hyderabad",09-30-2021,1095000,Hyundai,2017.0,5.0
Maruti Suzuki Alto 800 (2017),VXI Airbag,PETROL,14800.0,MANUAL,1st Owner,"Chelavoor, Pantheeramkavu",01-27-2022,315000,Maruti,2017.0,5.0
Mahindra Scorpio (2020),S9,DIESEL,18000.0,MANUAL,1st Owner,"Mirpur, Gurdaspur",01-27-2022,1775000,Mahindra,2020.0,2.0
Mahindra Scorpio (2020),S9,DIESEL,18000.0,MANUAL,1st Owner,"Mirpur, Gurdaspur",01-27-2022,1775000,Mahindra,2020.0,2.0
Maruti Suzuki Baleno (2020),1.3 Delta,PETROL,17000.0,MANUAL,1st Owner,"Ali Gai, Shahjahanpur",01-27-2022,38000,Maruti,2020.0,2.0
Hyundai Santro (2001),LE zipPlus,PETROL,115635.0,MANUAL,4+ Owner,"Hebbal, Bengaluru",01-27-2022,73000,Hyundai,2001.0,21.0
Hyundai Santro (2001),LE zipPlus,PETROL,115635.0,MANUAL,4+ Owner,"Hebbal, Bengaluru",01-27-2022,73000,Hyundai,2001.0,21.0
Hyundai Santro (2001),LE zipPlus,PETROL,115635.0,MANUAL,4+ Owner,"Hebbal, Bengaluru",01-27-2022,73000,Hyundai,2001.0,21.0
Hyundai Santro (2001),LE zipPlus,PETROL,115635.0,MANUAL,4+ Owner,"Hebbal, Bengaluru",01-27-2022,73000,Hyundai,2001.0,21.0
Hyundai Santa Fe (2012),2WD MT,DIESEL,73000.0,MANUAL,2nd Owner,"Ramesh Nagar, Delhi",01-27-2022,425000,Hyundai,2012.0,10.0
Hyundai Santa Fe (2012),2WD MT,DIESEL,73000.0,MANUAL,2nd Owner,"Ramesh Nagar, Delhi",01-27-2022,425000,Hyundai,2012.0,10.0
Fiat Avventura (2015),Power Up 1.3 Emotion,DIESEL,19018.0,MANUAL,1st Owner,"Indira Nagar, Bengaluru",01-18-2022,675000,Fiat,2015.0,7.0
Fiat Avventura (2015),Power Up 1.3 Emotion,DIESEL,19018.0,MANUAL,1st Owner,"Indira Nagar, Bengaluru",01-18-2022,675000,Fiat,2015.0,7.0
Maruti Suzuki Alto 800 (2015),2012-2016 LXI,PETROL,63000.0,MANUAL,1st Owner,"Khandagiri, Bhubaneshwar",01-18-2022,220000,Maruti,2015.0,7.0
Maruti Suzuki Alto 800 (2015),2012-2016 LXI,PETROL,63000.0,MANUAL,1st Owner,"Khandagiri, Bhubaneshwar",01-18-2022,220000,Maruti,2015.0,7.0
Maruti Suzuki Alto 800 (2015),2012-2016 LXI,PETROL,63000.0,MANUAL,1st Owner,"Khandagiri, Bhubaneshwar",01-18-2022,220000,Maruti,2015.0,7.0
Hyundai Creta (2017),1.6 SX Plus,PETROL,41545.0,MANUAL,1st Owner,"Madhapur, Hyderabad",09-30-2021,1095000,Hyundai,2017.0,5.0
Renault Kwid (2016),RXL,PETROL,90000.0,MANUAL,First Owner,"Now Gam, Nowgam",01-13-2022,230000,Renault,2016.0,6.0
Renault Kwid (2016),RXL,PETROL,90000.0,MANUAL,First Owner,"Now Gam, Nowgam",01-13-2022,230000,Renault,2016.0,6.0
Maruti Suzuki Wagon R (2018),CNG LXI Opt,CNG,120000.0,MANUAL,First Owner,"Shivaji Nagar, Mumbai",01-13-2022,380000,Maruti,2018.0,4.0
Maruti Suzuki Wagon R (2018),CNG LXI Opt,CNG,120000.0,MANUAL,First Owner,"Shivaji Nagar, Mumbai",01-13-2022,380000,Maruti,2018.0,4.0
Maruti Suzuki Wagon R Duo (2011),Others,LPG,90320.0,AUTOMATIC,4+ Owner,"Badi Bazar, Pihani",01-27-2022,180000,Maruti,2011.0,11.0
Maruti Suzuki Wagon R Duo (2011),Others,LPG,90320.0,AUTOMATIC,4+ Owner,"Badi Bazar, Pihani",01-27-2022,180000,Maruti,2011.0,11.0
Tata Indica (2008),DLS,DIESEL,125250.0,MANUAL,3rd Owner,"Thondankulangara, Alappuzha",01-27-2022,65000,Tata,2008.0,14.0
Maruti Suzuki 800 (2007),Others,PETROL,75000.0,AUTOMATIC,2nd Owner,"Tazipora, Mohmmad Pora",01-27-2022,70000,Maruti,2007.0,15.0
Hyundai Aura (2021),SX Plus Manual,PETROL,4000.0,MANUAL,1st Owner,"Ganga Bazar, Itanagar",01-27-2022,750000,Hyundai,2021.0,1.0
Mahindra Thar (2021),LX 4-STR Hard Top AT,DIESEL,1.0,AUTOMATIC,1st Owner,"Calicut Airport, Kozhikode",01-27-2022,1950000,Mahindra,2021.0,1.0
Tata Safari Storme (2016),VX,DIESEL,67000.0,MANUAL,1st Owner,"Police Lines, Varanasi",01-27-2022,725000,Tata,2016.0,6.0
Maruti Suzuki Swift Dzire (2012),LDI,DIESEL,79300.0,MANUAL,2nd Owner,"Akurdi, Pune",01-27-2022,380000,Maruti,2012.0,10.0
Hyundai I20 (2013),1.4 Sportz,DIESEL,83000.0,MANUAL,3rd Owner,"Jain Nagar, Meerut",01-27-2022,290000,Hyundai,2013.0,9.0
Hyundai Santro Xing (2011),GLS,PETROL,42000.0,AUTOMATIC,1st Owner,"Mukundapur, Kolkata",01-27-2022,127000,Hyundai,2011.0,11.0
Tata Safari Storme (2016),VX,DIESEL,67000.0,MANUAL,1st Owner,"Police Lines, Varanasi",01-27-2022,725000,Tata,2016.0,6.0
Maruti Suzuki Swift (2014),2011-2014 VDI,DIESEL,115625.0,MANUAL,2nd Owner,"Indira Nagar, Visakhapatnam",01-27-2022,415000,Maruti,2014.0,8.0
Maruti Suzuki Swift (2014),2011-2014 VDI,DIESEL,115625.0,MANUAL,2nd Owner,"Indira Nagar, Visakhapatnam",01-27-2022,415000,Maruti,2014.0,8.0
Mahindra Bolero (2006),2001-2010 DI,DIESEL,120000.0,AUTOMATIC,3rd Owner,"Hasanpur, Bakhri",01-27-2022,171000,Mahindra,2006.0,16.0
Nissan Micra (2016),XL CVT,PETROL,31000.0,AUTOMATIC,1st Owner,"Shahibag, Ahmedabad",01-06-2022,210000,Nissan,2016.0,6.0
Nissan Micra (2016),XL CVT,PETROL,31000.0,AUTOMATIC,1st Owner,"Shahibag, Ahmedabad",01-06-2022,210000,Nissan,2016.0,6.0
Nissan Micra (2014),2012-2017 Diesel XL,DIESEL,81321.0,MANUAL,1st Owner,"Ganga Nagar, Meerut",01-27-2022,210000,Nissan,2014.0,8.0
Hyundai I10 (2011),Magna 1.2 iTech SE,PETROL,63800.0,MANUAL,2nd Owner,"Mudichur, Chennai",01-27-2022,260000,Hyundai,2011.0,11.0
Hyundai I10 (2011),Magna 1.2 iTech SE,PETROL,63800.0,MANUAL,2nd Owner,"Mudichur, Chennai",01-27-2022,260000,Hyundai,2011.0,11.0
Ford Ecosport (2016),1.5 Diesel Titanium Plus,DIESEL,62000.0,MANUAL,1st Owner,"Amar Colony, Delhi",01-27-2022,580000,Ford,2016.0,6.0
Toyota Etios (2012),2010-2012 GD,DIESEL,170000.0,MANUAL,2nd Owner,"Burempet, Narasaraopet",01-27-2022,399999,Toyota,2012.0,10.0
Mahindra Xuv500 (2017),W6 2WD,DIESEL,85000.0,MANUAL,2nd Owner,"Vikaspuri, Delhi",01-27-2022,780000,Mahindra,2017.0,5.0
Mahindra Xuv500 (2017),W6 2WD,DIESEL,85000.0,MANUAL,2nd Owner,"Vikaspuri, Delhi",01-27-2022,780000,Mahindra,2017.0,5.0
Mahindra Xuv500 (2017),W6 2WD,DIESEL,85000.0,MANUAL,2nd Owner,"Vikaspuri, Delhi",01-27-2022,780000,Mahindra,2017.0,5.0
Mahindra Xuv500 (2017),W6 2WD,DIESEL,85000.0,MANUAL,2nd Owner,"Vikaspuri, Delhi",01-27-2022,780000,Mahindra,2017.0,5.0
Maruti Suzuki Swift Dzire (2012),1.2 Vxi BSIV,PETROL,80000.0,MANUAL,1st Owner,"Pitampura, Delhi",11-07-2021,315000,Maruti,2012.0,10.0
Mg Hector (2019),Sharp DCT Automatic,PETROL,28000.0,AUTOMATIC,1st Owner,"Indira Nagar, Bengaluru",12-03-2021,1675000,Mg,2019.0,3.0
Mg Hector (2019),Sharp DCT Automatic,PETROL,28000.0,AUTOMATIC,1st Owner,"Indira Nagar, Bengaluru",12-03-2021,1675000,Mg,2019.0,3.0
Mg Hector (2019),Sharp DCT Automatic,PETROL,28000.0,AUTOMATIC,1st Owner,"Indira Nagar, Bengaluru",12-03-2021,1675000,Mg,2019.0,3.0
Mg Hector (2019),Sharp DCT Automatic,PETROL,28000.0,AUTOMATIC,1st Owner,"Indira Nagar, Bengaluru",12-03-2021,1675000,Mg,2019.0,3.0
Hyundai I20 (2009),2009-2011 1.4 Asta (AT),CNG & HYBRIDS,98000.0,AUTOMATIC,4+ Owner,"Madhuram, Junagadh",01-27-2022,225000,Hyundai,2009.0,13.0
Maruti Suzuki Wagon R (2017),VXI BS IV,PETROL,22464.0,MANUAL,1st Owner,"Sector 38 Noida Golf Course, Noida",01-27-2022,418500,Maruti,2017.0,5.0
Maruti Suzuki Wagon R (2017),VXI BS IV,PETROL,22464.0,MANUAL,1st Owner,"Sector 38 Noida Golf Course, Noida",01-27-2022,418500,Maruti,2017.0,5.0
Tata Zest (2014),Quadrajet 1.3 XMA,DIESEL,62000.0,AUTOMATIC,#NAME?,"Tilak Nagar, Delhi",01-27-2022,296000,Tata,2014.0,8.0
Tata Zest (2014),Quadrajet 1.3 XMA,DIESEL,62000.0,AUTOMATIC,#NAME?,"Tilak Nagar, Delhi",01-27-2022,296000,Tata,2014.0,8.0
Hyundai I10 (2010),1.2 KAPPA ASTA O,PETROL,50000.0,MANUAL,First Owner,"Shahdara, Delhi",01-13-2022,150000,Hyundai,2010.0,12.0
Toyota Fortuner (2017),2.8 2WD MT,DIESEL,72000.0,MANUAL,1st Owner,"Kathreguppe, Bengaluru",01-27-2022,3200000,Toyota,2017.0,5.0
Maruti Suzuki Alto (2012),Std,PETROL,80000.0,MANUAL,3rd Owner,"Diakkwan, Kolasib",01-27-2022,99999,Maruti,2012.0,10.0
Maruti Suzuki Alto (2012),Std,PETROL,80000.0,MANUAL,3rd Owner,"Diakkwan, Kolasib",01-27-2022,99999,Maruti,2012.0,10.0
Maruti Suzuki Wagon R (2016),LXI CNG,PETROL,142000.0,MANUAL,1st Owner,"Sector 23A, Gurgaon",01-27-2022,222000,Maruti,2016.0,6.0
Hyundai Xcent (2015),1.2 VTVT S,CNG & HYBRIDS,200000.0,MANUAL,2nd Owner,"Mohan Nagar, Ghaziabad",01-27-2022,170000,Hyundai,2015.0,7.0
Mahindra Scorpio (2016),S8 7 Seater,DIESEL,35000.0,MANUAL,1st Owner,"Gurung Basti, Siliguri",01-27-2022,910000,Mahindra,2016.0,6.0
Mahindra Scorpio (2016),S8 7 Seater,DIESEL,35000.0,MANUAL,1st Owner,"Gurung Basti, Siliguri",01-27-2022,910000,Mahindra,2016.0,6.0
Isuzu Mu7 (2014),High BS IV,DIESEL,206167.0,MANUAL,1st Owner,"Goripalayam, Madurai",01-11-2022,850000,Isuzu,2014.0,8.0
Isuzu Mu7 (2014),High BS IV,DIESEL,206167.0,MANUAL,1st Owner,"Goripalayam, Madurai",01-11-2022,850000,Isuzu,2014.0,8.0
Toyota Fortuner (2012),2011-2016 4x2 Manual,DIESEL,150000.0,MANUAL,1st Owner,"Golf Course Road, Gurgaon",01-27-2022,965000,Toyota,2012.0,10.0
Toyota Fortuner (2012),2011-2016 4x2 Manual,DIESEL,150000.0,MANUAL,1st Owner,"Golf Course Road, Gurgaon",01-27-2022,965000,Toyota,2012.0,10.0
Toyota Fortuner (2012),2011-2016 4x2 Manual,DIESEL,150000.0,MANUAL,1st Owner,"Golf Course Road, Gurgaon",01-27-2022,965000,Toyota,2012.0,10.0
Toyota Fortuner (2012),2011-2016 4x2 Manual,DIESEL,150000.0,MANUAL,1st Owner,"Golf Course Road, Gurgaon",01-27-2022,965000,Toyota,2012.0,10.0
Toyota Fortuner (2012),2011-2016 4x2 Manual,DIESEL,150000.0,MANUAL,1st Owner,"Golf Course Road, Gurgaon",01-27-2022,965000,Toyota,2012.0,10.0
Hyundai Santro (2019),New,PETROL,6000.0,MANUAL,1st Owner,"Sajan Nagar, Sitamarhi",01-27-2022,350000,Hyundai,2019.0,3.0
Mahindra Bolero Pik-Up (2016),FB 1.7T,DIESEL,160000.0,MANUAL,First Owner,"MIDC Road, Mumbai",01-13-2022,525000,Mahindra,2016.0,6.0
Bmw 3 Series (2011),320d Sedan,DIESEL,85249.0,AUTOMATIC,1st Owner,"Khajaguda, Hyderabad",01-01-2022,985000,Bmw,2011.0,11.0
Bmw 3 Series (2011),320d Sedan,DIESEL,85249.0,AUTOMATIC,1st Owner,"Khajaguda, Hyderabad",01-01-2022,985000,Bmw,2011.0,11.0
Mercedes-Benz M-Class (2015),ML 350 CDI,DIESEL,115000.0,AUTOMATIC,1st Owner,"Maradu, Kochi",01-03-2022,3500000,Mercedes-Benz,2015.0,7.0
Mercedes-Benz M-Class (2015),ML 350 CDI,DIESEL,115000.0,AUTOMATIC,1st Owner,"Maradu, Kochi",01-03-2022,3500000,Mercedes-Benz,2015.0,7.0
Mercedes-Benz M-Class (2015),ML 350 CDI,DIESEL,115000.0,AUTOMATIC,1st Owner,"Maradu, Kochi",01-03-2022,3500000,Mercedes-Benz,2015.0,7.0
Hyundai I10 (2009),2007-2010 Sportz 1.2,PETROL,55000.0,MANUAL,2nd Owner,"Kasaridih, Durg",01-10-2022,180000,Hyundai,2009.0,13.0
Hyundai I10 (2009),2007-2010 Sportz 1.2,PETROL,55000.0,MANUAL,2nd Owner,"Kasaridih, Durg",01-10-2022,180000,Hyundai,2009.0,13.0
Chevrolet Optra Magnum (2009),1.6 LS Petrol,PETROL,90000.0,MANUAL,Fourth Owner,"Najafgarh, Delhi",01-13-2022,85000,Chevrolet,2009.0,13.0
Maruti Suzuki 800 (2004),Std MPFi,PETROL,70000.0,MANUAL,Third Owner,"Khed Shivapur, Pune",01-13-2022,49999,Maruti,2004.0,18.0
Maruti Suzuki 800 (2004),Std MPFi,PETROL,70000.0,MANUAL,Third Owner,"Khed Shivapur, Pune",01-13-2022,49999,Maruti,2004.0,18.0
Mercedes-Benz E-Class (2012),2013-2015 E250 CDI Avantgrade,DIESEL,85000.0,AUTOMATIC,1st Owner,"Moonnu Mukku Junction, Attingal",01-27-2022,1585000,Mercedes-Benz,2012.0,10.0
Mercedes-Benz E-Class (2012),2013-2015 E250 CDI Avantgrade,DIESEL,85000.0,AUTOMATIC,1st Owner,"Moonnu Mukku Junction, Attingal",01-27-2022,1585000,Mercedes-Benz,2012.0,10.0
Mercedes-Benz E-Class (2012),2013-2015 E250 CDI Avantgrade,DIESEL,85000.0,AUTOMATIC,1st Owner,"Moonnu Mukku Junction, Attingal",01-27-2022,1585000,Mercedes-Benz,2012.0,10.0
Mercedes-Benz E-Class (2012),2013-2015 E250 CDI Avantgrade,DIESEL,85000.0,AUTOMATIC,1st Owner,"Moonnu Mukku Junction, Attingal",01-27-2022,1585000,Mercedes-Benz,2012.0,10.0
Mercedes-Benz E-Class (2012),2013-2015 E250 CDI Avantgrade,DIESEL,85000.0,AUTOMATIC,1st Owner,"Moonnu Mukku Junction, Attingal",01-27-2022,1585000,Mercedes-Benz,2012.0,10.0
Maruti Suzuki 800 (2004),Std MPFi,PETROL,70000.0,MANUAL,Third Owner,"Khed Shivapur, Pune",Maharashtra,49999,Maruti,2004.0,18.0
Chevrolet Optra Magnum (2009),1.6 LS Petrol,PETROL,90000.0,MANUAL,Fourth Owner,"Najafgarh, Delhi",Delhi,85000,Chevrolet,2009.0,13.0
Chevrolet Optra Magnum (2009),1.6 LS Petrol,PETROL,90000.0,MANUAL,Fourth Owner,"Najafgarh, Delhi",Delhi,85000,Chevrolet,2009.0,13.0
Toyota Corolla Altis (2014),1.8 G,PETROL,68790.0,AUTOMATIC,1st Owner,"Bandra West, Mumbai",01-27-2022,850000,Toyota,2014.0,8.0
Toyota Corolla Altis (2014),1.8 G,PETROL,68790.0,AUTOMATIC,1st Owner,"Bandra West, Mumbai",01-27-2022,850000,Toyota,2014.0,8.0
Skoda Superb (2019),Style 1.8 TSI AT,PETROL,35000.0,AUTOMATIC,1st Owner,"Andheri West, Mumbai",01-27-2022,2350000,Skoda,2019.0,3.0
Skoda Superb (2019),Style 1.8 TSI AT,PETROL,35000.0,AUTOMATIC,1st Owner,"Andheri West, Mumbai",01-27-2022,2350000,Skoda,2019.0,3.0
Skoda Superb (2019),Style 1.8 TSI AT,PETROL,35000.0,AUTOMATIC,1st Owner,"Andheri West, Mumbai",01-27-2022,2350000,Skoda,2019.0,3.0
Skoda Superb (2019),Style 1.8 TSI AT,PETROL,35000.0,AUTOMATIC,1st Owner,"Andheri West, Mumbai",01-27-2022,2350000,Skoda,2019.0,3.0
Skoda Superb (2019),Style 1.8 TSI AT,PETROL,35000.0,AUTOMATIC,1st Owner,"Andheri West, Mumbai",01-27-2022,2350000,Skoda,2019.0,3.0
Maruti Suzuki Eeco (2019),5 Seater AC,PETROL,17000.0,MANUAL,1st Owner,"Rajarampuri, Kolhapur",01-27-2022,475000,Maruti,2019.0,3.0
Maruti Suzuki Eeco (2019),5 Seater AC,PETROL,17000.0,MANUAL,1st Owner,"Rajarampuri, Kolhapur",01-27-2022,475000,Maruti,2019.0,3.0
Maruti Suzuki Wagon R 1.0 (2017),1.0 VXi,PETROL,45000.0,AUTOMATIC,2nd Owner,"New Shahupuri, Kolhapur",01-27-2022,485000,Maruti,2017.0,5.0
Maruti Suzuki Zen (2006),VXI,PETROL,95000.0,MANUAL,3rd Owner,"Muvattupuzha, Muvattupuzha",01-27-2022,110000,Maruti,2006.0,16.0
Maruti Suzuki Estilo (2010),LXI,PETROL,18250.0,MANUAL,3rd Owner,"Barackpore, Kolkata",01-27-2022,180000,Maruti,2010.0,12.0
Maruti Suzuki Wagon R 1.0 (2017),1.0 VXi,PETROL,45000.0,AUTOMATIC,2nd Owner,"New Shahupuri, Kolhapur",01-27-2022,485000,Maruti,2017.0,5.0
Maruti Suzuki Wagon R 1.0 (2017),1.0 VXi,PETROL,45000.0,AUTOMATIC,2nd Owner,"New Shahupuri, Kolhapur",01-27-2022,485000,Maruti,2017.0,5.0
Maruti Suzuki Zen (2006),VXI,PETROL,95000.0,MANUAL,3rd Owner,"Muvattupuzha, Muvattupuzha",01-27-2022,110000,Maruti,2006.0,16.0
Maruti Suzuki Estilo (2010),LXI,PETROL,18250.0,MANUAL,3rd Owner,"Barackpore, Kolkata",01-27-2022,180000,Maruti,2010.0,12.0
Maruti Suzuki Swift Dzire (2014),VDI,DIESEL,60000.0,MANUAL,1st Owner,"Brahmsthan, Azamgarh",01-27-2022,400000,Maruti,2014.0,8.0
Maruti Suzuki Swift Dzire (2014),VDI,DIESEL,60000.0,MANUAL,1st Owner,"Brahmsthan, Azamgarh",01-27-2022,400000,Maruti,2014.0,8.0
Maruti Suzuki Wagon R Duo (2018),Others,CNG & HYBRIDS,55000.0,MANUAL,1st Owner,"Dahisar East, Mumbai",01-27-2022,465000,Maruti,2018.0,4.0
Maruti Suzuki Wagon R 1.0 (2017),1.0 VXi,PETROL,45000.0,AUTOMATIC,2nd Owner,"New Shahupuri, Kolhapur",01-27-2022,485000,Maruti,2017.0,5.0
Maruti Suzuki Wagon R 1.0 (2017),1.0 VXi,PETROL,45000.0,AUTOMATIC,2nd Owner,"New Shahupuri, Kolhapur",01-27-2022,485000,Maruti,2017.0,5.0
Maruti Suzuki Swift (2010),2004-2010 Lxi BSIII,PETROL,120000.0,MANUAL,Second Owner,"Shashtri Nagar, Delhi",Delhi,200000,Maruti,2010.0,12.0
Maruti Suzuki 800 (1998),Duo AC LPG,PETROL,60000.0,MANUAL,4+ Owner,"Gokul Nagar, Udaipur",01-27-2022,35000,Maruti,1998.0,24.0
Volkswagen Vento (2012),1.6 Highline,DIESEL,145000.0,MANUAL,2nd Owner,"Sector 62, Noida",01-27-2022,235000,Volkswagen,2012.0,10.0
Volkswagen Vento (2012),1.6 Highline,DIESEL,145000.0,MANUAL,2nd Owner,"Sector 62, Noida",01-27-2022,235000,Volkswagen,2012.0,10.0
Tata Bolt (2015),Quadrajet XM,DIESEL,85000.0,MANUAL,2nd Owner,"Parasakthi Colony, Sivakasi",01-27-2022,350000,Tata,2015.0,7.0
Nissan Sunny (2012),Diesel XV,DIESEL,135000.0,MANUAL,2nd Owner,"Baavi, Medarametla",01-27-2022,380000,Nissan,2012.0,10.0
Ford Fiesta (2013),1.5 TDCi Titanium,DIESEL,64000.0,MANUAL,#NAME?,"Tilak Nagar, Delhi",01-27-2022,296000,Ford,2013.0,9.0
Ford Fiesta (2013),1.5 TDCi Titanium,DIESEL,64000.0,MANUAL,#NAME?,"Tilak Nagar, Delhi",01-27-2022,296000,Ford,2013.0,9.0
Maruti Suzuki Swift (2009),2004-2010 Ldi BSIV,DIESEL,200000.0,MANUAL,1st Owner,"Drivers Colony, Bhadrachalam",01-27-2022,175000,Maruti,2009.0,13.0
Toyota Innova (2007),2.5 EV Diesel MS 8 Str BSIII,DIESEL,185000.0,MANUAL,2nd Owner,"Dabeerpura, Hyderabad",01-27-2022,400000,Toyota,2007.0,15.0
Toyota Innova (2007),2.5 EV Diesel MS 8 Str BSIII,DIESEL,185000.0,MANUAL,2nd Owner,"Dabeerpura, Hyderabad",01-27-2022,400000,Toyota,2007.0,15.0
Tata Bolt (2015),Quadrajet XM,DIESEL,85000.0,MANUAL,2nd Owner,"Parasakthi Colony, Sivakasi",01-27-2022,350000,Tata,2015.0,7.0
Audi A6 (2014),2.0 TDI,DIESEL,89000.0,AUTOMATIC,1st Owner,"Tidke Nagar, Nashik",01-27-2022,1600000,Audi,2014.0,8.0
Honda Amaze (2013),1.5 V CVT ( I-DTEC) Manual,PETROL,88800.0,MANUAL,1st Owner,"Sabzi Mandi, Shimla",01-27-2022,315000,Honda,2013.0,9.0
Honda Amaze (2013),1.5 V CVT ( I-DTEC) Manual,PETROL,88800.0,MANUAL,1st Owner,"Sabzi Mandi, Shimla",01-27-2022,315000,Honda,2013.0,9.0
Maruti Suzuki Others (2021),Unknown,CNG & HYBRIDS,5000.0,MANUAL,1st Owner,"Umiya Nagar, Nadiad",01-27-2022,645000,Maruti,2021.0,1.0
Maruti Suzuki Alto 800 (2017),LXI,PETROL,4000.0,MANUAL,1st Owner,"Golpark, Kolkata",01-27-2022,280000,Maruti,2017.0,5.0
Audi A6 (2015),35 TDI,DIESEL,79800.0,AUTOMATIC,2nd Owner,"Richmond Road, Bengaluru",01-27-2022,2100000,Audi,2015.0,7.0
Audi A6 (2015),35 TDI,DIESEL,79800.0,AUTOMATIC,2nd Owner,"Richmond Road, Bengaluru",01-27-2022,2100000,Audi,2015.0,7.0
Hyundai I20 (2017),1.2 Asta,PETROL,33000.0,MANUAL,2nd Owner,"New Timber Market Area, Raipur",01-27-2022,620000,Hyundai,2017.0,5.0
Hyundai I20 (2017),1.2 Asta,PETROL,33000.0,MANUAL,2nd Owner,"New Timber Market Area, Raipur",01-27-2022,620000,Hyundai,2017.0,5.0
Audi Q3 (2016),35 TDI Quattro Premium Plus,DIESEL,80000.0,AUTOMATIC,2nd Owner,"Mr 10 Road, Indore",01-08-2022,1750000,Audi,2016.0,6.0
Audi Q3 (2016),35 TDI Quattro Premium Plus,DIESEL,80000.0,AUTOMATIC,2nd Owner,"Mr 10 Road, Indore",01-08-2022,1750000,Audi,2016.0,6.0
Volvo Xc60 (2017),Momentum D4,DIESEL,89000.0,AUTOMATIC,2nd Owner,"Mehdipatnam, Hyderabad",01-27-2022,2400000,Volvo,2017.0,5.0
Volvo Xc60 (2017),Momentum D4,DIESEL,89000.0,AUTOMATIC,2nd Owner,"Mehdipatnam, Hyderabad",01-27-2022,2400000,Volvo,2017.0,5.0
Toyota Innova (2007),2.5 EV Diesel MS 8 Str BSIII,DIESEL,185000.0,MANUAL,2nd Owner,"Dabeerpura, Hyderabad",01-27-2022,400000,Toyota,2007.0,15.0
Hyundai I20 (2017),1.2 Asta,PETROL,33000.0,MANUAL,2nd Owner,"New Timber Market Area, Raipur",01-27-2022,620000,Hyundai,2017.0,5.0
Honda Amaze (2013),1.5 V CVT ( I-DTEC) Manual,PETROL,88800.0,MANUAL,1st Owner,"Sabzi Mandi, Shimla",01-27-2022,315000,Honda,2013.0,9.0
Maruti Suzuki 800 (2004),Std MPFi,PETROL,70000.0,MANUAL,Third Owner,"Khed Shivapur, Pune",Maharashtra,49999,Maruti,2004.0,18.0
Audi Q3 (2016),35 TDI Quattro Premium Plus,DIESEL,80000.0,AUTOMATIC,2nd Owner,"Mr 10 Road, Indore",01-08-2022,1750000,Audi,2016.0,6.0
Honda Jazz (2015),V Automatic,PETROL,21000.0,AUTOMATIC,2nd Owner,"Janakpuri, Delhi",01-25-2022,500000,Honda,2015.0,7.0
Volkswagen Vento (2012),1.6 Highline,DIESEL,145000.0,MANUAL,2nd Owner,"Sector 62, Noida",01-27-2022,235000,Volkswagen,2012.0,10.0
Volkswagen Vento (2012),1.6 Highline,DIESEL,145000.0,MANUAL,2nd Owner,"Sector 62, Noida",01-27-2022,235000,Volkswagen,2012.0,10.0
Volkswagen Vento (2012),1.6 Highline,DIESEL,145000.0,MANUAL,2nd Owner,"Sector 62, Noida",01-27-2022,235000,Volkswagen,2012.0,10.0
Volkswagen Vento (2012),1.6 Highline,DIESEL,145000.0,MANUAL,2nd Owner,"Sector 62, Noida",01-27-2022,235000,Volkswagen,2012.0,10.0
Volkswagen Vento (2012),1.6 Highline,DIESEL,145000.0,MANUAL,2nd Owner,"Sector 62, Noida",01-27-2022,235000,Volkswagen,2012.0,10.0
Volkswagen Vento (2012),1.6 Highline,DIESEL,145000.0,MANUAL,2nd Owner,"Sector 62, Noida",01-27-2022,235000,Volkswagen,2012.0,10.0
Volkswagen Vento (2012),1.6 Highline,DIESEL,145000.0,MANUAL,2nd Owner,"Sector 62, Noida",01-27-2022,235000,Volkswagen,2012.0,10.0
Honda Jazz (2015),V Automatic,PETROL,21000.0,AUTOMATIC,2nd Owner,"Janakpuri, Delhi",01-25-2022,500000,Honda,2015.0,7.0
Chevrolet Optra Magnum (2009),1.6 LS Petrol,PETROL,90000.0,MANUAL,Fourth Owner,"Najafgarh, Delhi",Delhi,85000,Chevrolet,2009.0,13.0
Chevrolet Optra Magnum (2009),1.6 LS Petrol,PETROL,90000.0,MANUAL,Fourth Owner,"Najafgarh, Delhi",Delhi,85000,Chevrolet,2009.0,13.0
Maruti Suzuki 800 (2004),Std MPFi,PETROL,70000.0,MANUAL,Third Owner,"Khed Shivapur, Pune",Maharashtra,49999,Maruti,2004.0,18.0
Ford Ecosport (2017),1.5 Diesel Titanium,DIESEL,97000.0,MANUAL,1st Owner,"Tidke Nagar, Nashik",01-27-2022,675000,Ford,2017.0,5.0
Volkswagen Polo (2011),2009-2013 Petrol Comfortline 1.2L,DIESEL,117000.0,MANUAL,2nd Owner,"Parasakthi Colony, Sivakasi",01-27-2022,270000,Volkswagen,2011.0,11.0
Volvo Xc60 (2017),Momentum D4,DIESEL,89000.0,AUTOMATIC,2nd Owner,"Mehdipatnam, Hyderabad",01-27-2022,2400000,Volvo,2017.0,5.0
Volvo Xc60 (2017),Momentum D4,DIESEL,89000.0,AUTOMATIC,2nd Owner,"Mehdipatnam, Hyderabad",01-27-2022,2400000,Volvo,2017.0,5.0
Toyota Fortuner (2017),3.0 4x4 Automatic,DIESEL,50000.0,AUTOMATIC,1st Owner,"Jubilee Hills, Hyderabad",01-27-2022,2899999,Toyota,2017.0,5.0
Mahindra Bolero Pik-Up (2012),FB 1.25T,DIESEL,148000.0,MANUAL,2nd Owner,"Saha Industrial Area, Saha",01-27-2022,370000,Mahindra,2012.0,10.0
Tata Tiago (2018),1.2 Revotron XTA,PETROL,68000.0,AUTOMATIC,1st Owner,"Assissi Nagar, Aluva",01-14-2022,475000,Tata,2018.0,4.0
Tata Tiago (2018),1.2 Revotron XTA,PETROL,68000.0,AUTOMATIC,1st Owner,"Assissi Nagar, Aluva",01-14-2022,475000,Tata,2018.0,4.0
Ford Fiesta (2010),2008-2011 1.4 ZXi TDCi LE,DIESEL,125000.0,MANUAL,2nd Owner,"NGO Colony, Pamur",01-27-2022,200000,Ford,2010.0,12.0
Tata Others (2012),Unknown,DIESEL,5000.0,MANUAL,2nd Owner,"Anna Bhau Sathe Chowk, Nanded",01-27-2022,800000,Tata,2012.0,10.0
Mahindra Xylo (2012),2012-2014 E8 ABS BS III,DIESEL,150000.0,MANUAL,2nd Owner,"Parasakthi Colony, Sivakasi",01-27-2022,493000,Mahindra,2012.0,10.0
Maruti Suzuki Swift (2015),VDI,DIESEL,97000.0,MANUAL,2nd Owner,"Anthiyoorkonam, Thiruvananthapuram",01-27-2022,450000,Maruti,2015.0,7.0
Toyota Fortuner (2017),3.0 4x4 Automatic,DIESEL,50000.0,AUTOMATIC,1st Owner,"Jubilee Hills, Hyderabad",01-27-2022,2899999,Toyota,2017.0,5.0
Toyota Fortuner (2017),3.0 4x4 Automatic,DIESEL,50000.0,AUTOMATIC,1st Owner,"Jubilee Hills, Hyderabad",01-27-2022,2899999,Toyota,2017.0,5.0
Volvo Xc60 (2017),Momentum D4,DIESEL,89000.0,AUTOMATIC,2nd Owner,"Mehdipatnam, Hyderabad",01-27-2022,2400000,Volvo,2017.0,5.0
Volvo Xc60 (2017),Momentum D4,DIESEL,89000.0,AUTOMATIC,2nd Owner,"Mehdipatnam, Hyderabad",01-27-2022,2400000,Volvo,2017.0,5.0
Maruti Suzuki 800 (2004),Std MPFi,PETROL,70000.0,MANUAL,Third Owner,"Khed Shivapur, Pune",Maharashtra,49999,Maruti,2004.0,18.0
Hyundai Accent (2005),DLS,PETROL,95000.0,AUTOMATIC,4th Owner,"Kulswamini Vihar, Amravati",01-27-2022,85000,Hyundai,2005.0,17.0
Maruti Suzuki Wagon R (2017),VXI BS IV,PETROL,22464.0,MANUAL,1st Owner,"Narela, Delhi",01-27-2022,418500,Maruti,2017.0,5.0
Maruti Suzuki Wagon R (2017),VXI BS IV,PETROL,22464.0,MANUAL,1st Owner,"Narela, Delhi",01-27-2022,418500,Maruti,2017.0,5.0
Hyundai Accent (2005),DLS,PETROL,95000.0,AUTOMATIC,4th Owner,"Kulswamini Vihar, Amravati",01-27-2022,85000,Hyundai,2005.0,17.0
Maruti Suzuki Zen (2004),LX,PETROL,100000.0,MANUAL,2nd Owner,"Saraswati Vihar, Amritsar",01-27-2022,90000,Maruti,2004.0,18.0
Maruti Suzuki Zen (2004),LX,PETROL,100000.0,MANUAL,2nd Owner,"Saraswati Vihar, Amritsar",01-27-2022,90000,Maruti,2004.0,18.0
Maruti Suzuki Swift Dzire (2012),LXI,PETROL,110000.0,MANUAL,3rd Owner,"Bharat Nagar, Sillod",01-27-2022,345000,Maruti,2012.0,10.0
Mahindra Xuv500 (2015),W10 2WD,DIESEL,64153.0,MANUAL,1st Owner,"Madhapur, Hyderabad",01-27-2022,1200000,Mahindra,2015.0,7.0
Mahindra Xuv500 (2018),W11,DIESEL,42000.0,MANUAL,1st Owner,"Vaishali Nagar, Jaipur",01-22-2022,1550000,Mahindra,2018.0,4.0
Maruti Suzuki Wagon R (2013),LXI CNG,CNG,120000.0,MANUAL,Second Owner,"Rohini, Delhi",Delhi,260000,Maruti,2013.0,9.0
Maruti Suzuki Swift Dzire (2014),ZDI,DIESEL,102175.0,MANUAL,3rd Owner,Oulgaret,01-27-2022,410000,Maruti,2014.0,8.0
Bmw X5 M (2016),Others,DIESEL,50000.0,AUTOMATIC,1st Owner,"Santacruz West, Mumbai",01-27-2022,4850000,Bmw,2016.0,6.0
Bmw X5 M (2016),Others,DIESEL,50000.0,AUTOMATIC,1st Owner,"Santacruz West, Mumbai",01-27-2022,4850000,Bmw,2016.0,6.0
Mahindra Xuv500 (2015),W10 2WD,DIESEL,64153.0,MANUAL,1st Owner,"Madhapur, Hyderabad",01-27-2022,1200000,Mahindra,2015.0,7.0
Maruti Suzuki Alto (2008),2005-2010 LXi BSIII,PETROL,50000.0,MANUAL,Second Owner,"Royal Enclave, Jodhpur",Rajasthan,150000,Maruti,2008.0,14.0
Maruti Suzuki Alto (2008),2005-2010 LXi BSIII,PETROL,50000.0,MANUAL,Second Owner,"Royal Enclave, Jodhpur",Rajasthan,150000,Maruti,2008.0,14.0
Skoda Superb (2014),2013-2015 Ambition 1.8 TSI MT,PETROL,78000.0,MANUAL,1st Owner,"Attapur, Hyderabad",01-27-2022,750000,Skoda,2014.0,8.0
Honda City (2021),i-VTEC CVT VX,PETROL,3500.0,AUTOMATIC,1st Owner,"Andheri West, Mumbai",01-07-2022,1499000,Honda,2021.0,1.0
Volkswagen Polo (2016),Unknown,DIESEL,50000.0,MANUAL,1st Owner,"Sector 71, Noida",01-09-2022,379000,Volkswagen,2016.0,6.0
Hyundai Creta (2020),1.6 SX Option Executive Diesel,DIESEL,43861.0,MANUAL,1st Owner,"Ahiritola, Kolkata",01-23-2022,1165101,Hyundai,2020.0,2.0
Hyundai Verna (2019),VTVT 1.4 EX,PETROL,17000.0,MANUAL,2nd Owner,"Chelavoor, Pantheeramkavu",01-13-2022,815000,Hyundai,2019.0,3.0
Hyundai Verna (2019),VTVT 1.4 EX,PETROL,17000.0,MANUAL,2nd Owner,"Chelavoor, Pantheeramkavu",01-13-2022,815000,Hyundai,2019.0,3.0
Hyundai Verna (2019),VTVT 1.4 EX,PETROL,17000.0,MANUAL,2nd Owner,"Chelavoor, Pantheeramkavu",01-13-2022,815000,Hyundai,2019.0,3.0
Hyundai Verna (2019),VTVT 1.4 EX,PETROL,17000.0,MANUAL,2nd Owner,"Chelavoor, Pantheeramkavu",01-13-2022,815000,Hyundai,2019.0,3.0
Volkswagen Polo (2016),Unknown,DIESEL,50000.0,MANUAL,1st Owner,"Sector 71, Noida",01-09-2022,379000,Volkswagen,2016.0,6.0
Hyundai Creta (2020),1.6 SX Option Executive Diesel,DIESEL,43861.0,MANUAL,1st Owner,"Ahiritola, Kolkata",01-23-2022,1165101,Hyundai,2020.0,2.0
Hyundai Verna (2019),VTVT 1.4 EX,PETROL,17000.0,MANUAL,2nd Owner,"Chelavoor, Pantheeramkavu",01-13-2022,815000,Hyundai,2019.0,3.0
Toyota Fortuner (2010),3.0 4x4 Manual,DIESEL,113000.0,MANUAL,2nd Owner,"Sion East, Mumbai",01-27-2022,899999,Toyota,2010.0,12.0
Toyota Fortuner (2010),3.0 4x4 Manual,DIESEL,113000.0,MANUAL,2nd Owner,"Sion East, Mumbai",01-27-2022,899999,Toyota,2010.0,12.0
Volkswagen Polo (2016),Unknown,DIESEL,50000.0,MANUAL,1st Owner,"Sector 71, Noida",01-09-2022,379000,Volkswagen,2016.0,6.0
Hyundai Creta (2020),1.6 SX Option Executive Diesel,DIESEL,43861.0,MANUAL,1st Owner,"Ahiritola, Kolkata",01-23-2022,1165101,Hyundai,2020.0,2.0
Hyundai Verna (2019),VTVT 1.4 EX,PETROL,17000.0,MANUAL,2nd Owner,"Chelavoor, Pantheeramkavu",01-13-2022,815000,Hyundai,2019.0,3.0
Volkswagen Polo (2016),Unknown,DIESEL,50000.0,MANUAL,1st Owner,"Sector 71, Noida",01-09-2022,379000,Volkswagen,2016.0,6.0
Hyundai Creta (2020),1.6 SX Option Executive Diesel,DIESEL,43861.0,MANUAL,1st Owner,"Ahiritola, Kolkata",01-23-2022,1165101,Hyundai,2020.0,2.0
Hyundai Verna (2019),VTVT 1.4 EX,PETROL,17000.0,MANUAL,2nd Owner,"Chelavoor, Pantheeramkavu",01-13-2022,815000,Hyundai,2019.0,3.0
Volkswagen Polo (2016),Unknown,DIESEL,50000.0,MANUAL,1st Owner,"Sector 71, Noida",01-09-2022,379000,Volkswagen,2016.0,6.0
Hyundai Creta (2020),1.6 SX Option Executive Diesel,DIESEL,43861.0,MANUAL,1st Owner,"Ahiritola, Kolkata",01-23-2022,1165101,Hyundai,2020.0,2.0
Hyundai Verna (2019),VTVT 1.4 EX,PETROL,17000.0,MANUAL,2nd Owner,"Chelavoor, Pantheeramkavu",01-13-2022,815000,Hyundai,2019.0,3.0
Volkswagen Polo (2016),Unknown,DIESEL,50000.0,MANUAL,1st Owner,"Sector 71, Noida",01-09-2022,379000,Volkswagen,2016.0,6.0
Hyundai Creta (2020),1.6 SX Option Executive Diesel,DIESEL,43861.0,MANUAL,1st Owner,"Ahiritola, Kolkata",01-23-2022,1165101,Hyundai,2020.0,2.0
Hyundai Verna (2019),VTVT 1.4 EX,PETROL,17000.0,MANUAL,2nd Owner,"Chelavoor, Pantheeramkavu",01-13-2022,815000,Hyundai,2019.0,3.0
Volkswagen Polo (2016),Unknown,DIESEL,50000.0,MANUAL,1st Owner,"Sector 71, Noida",01-09-2022,379000,Volkswagen,2016.0,6.0
Hyundai Creta (2020),1.6 SX Option Executive Diesel,DIESEL,43861.0,MANUAL,1st Owner,"Ahiritola, Kolkata",01-23-2022,1165101,Hyundai,2020.0,2.0
Hyundai Verna (2019),VTVT 1.4 EX,PETROL,17000.0,MANUAL,2nd Owner,"Chelavoor, Pantheeramkavu",01-13-2022,815000,Hyundai,2019.0,3.0
Audi Q2 (2021),Others,PETROL,4000.0,AUTOMATIC,1st Owner,"Camac Street Area, Kolkata",01-20-2022,3450000,Audi,2021.0,1.0
Maruti Suzuki Ritz (2013),Zdi BS-IV,DIESEL,42000.0,MANUAL,1st Owner,"EM Bypass - Science City Area, Kolkata",01-15-2022,289000,Maruti,2013.0,9.0
Renault Duster (2016),2015-2016 85PS Diesel RxE,DIESEL,63000.0,MANUAL,1st Owner,"EM Bypass - Science City Area, Kolkata",01-18-2022,480000,Renault,2016.0,6.0
Audi Q2 (2021),Others,PETROL,4000.0,AUTOMATIC,1st Owner,"Camac Street Area, Kolkata",01-20-2022,3450000,Audi,2021.0,1.0
Honda Jazz (2015),1.5 V i DTEC,DIESEL,81379.0,MANUAL,First Owner,"Saltlake Sector II, Kolkata",WB,340000,Honda,2015.0,7.0
Renault Duster (2016),2015-2016 85PS Diesel RxE,DIESEL,63000.0,MANUAL,1st Owner,"EM Bypass - Science City Area, Kolkata",01-18-2022,480000,Renault,2016.0,6.0
Ford Ecosport (2015),1.5 TDCi Titanium Plus,DIESEL,51328.0,MANUAL,Second Owner,"Picnic Garden, Kolkata",WB,538999,Ford,2015.0,7.0
Ford Ecosport (2015),1.5 Diesel Titanium Plus,DIESEL,57713.0,MANUAL,1st Owner,"Uttar Panchanan Gram, Kolkata",01-27-2022,475000,Ford,2015.0,7.0
Ford Ecosport (2015),1.5 Diesel Titanium Plus,DIESEL,57713.0,MANUAL,1st Owner,"Uttar Panchanan Gram, Kolkata",01-27-2022,475000,Ford,2015.0,7.0
Land Rover Range Rover Evoque (2012),Evoque Prestige SD4,DIESEL,46300.0,AUTOMATIC,1st Owner,"Saltlake Sector 1, Kolkata",04-29-2021,2199000,Land,2012.0,10.0
Land Rover Range Rover Evoque (2012),Evoque Prestige SD4,DIESEL,46300.0,AUTOMATIC,1st Owner,"Saltlake Sector 1, Kolkata",04-29-2021,2199000,Land,2012.0,10.0
Mahindra Bolero Power Plus (2019),SLE,DIESEL,14900.0,MANUAL,1st Owner,"Park Circus, Kolkata",12-22-2021,760000,Mahindra,2019.0,3.0
Honda Jazz (2015),1.5 V i DTEC,DIESEL,81379.0,MANUAL,First Owner,"Saltlake Sector II, Kolkata",WB,340000,Honda,2015.0,7.0
Ford Ecosport (2015),1.5 TDCi Titanium Plus,DIESEL,51328.0,MANUAL,Second Owner,"Picnic Garden, Kolkata",WB,538999,Ford,2015.0,7.0
Ford Ecosport (2015),1.5 Diesel Titanium Plus,DIESEL,57713.0,MANUAL,1st Owner,"Uttar Panchanan Gram, Kolkata",01-27-2022,475000,Ford,2015.0,7.0
Hyundai Creta (2016),1.6 CRDi SX Option,DIESEL,32000.0,MANUAL,2nd Owner,"Paikpara, Kolkata",01-27-2022,825000,Hyundai,2016.0,6.0
Volkswagen Polo (2016),Unknown,DIESEL,50000.0,MANUAL,1st Owner,"Sector 71, Noida",01-09-2022,379000,Volkswagen,2016.0,6.0
Hyundai Creta (2020),1.6 SX Option Executive Diesel,DIESEL,43861.0,MANUAL,1st Owner,"Ahiritola, Kolkata",01-23-2022,1165101,Hyundai,2020.0,2.0
Hyundai Verna (2019),VTVT 1.4 EX,PETROL,17000.0,MANUAL,2nd Owner,"Chelavoor, Pantheeramkavu",01-13-2022,815000,Hyundai,2019.0,3.0
Volkswagen Polo (2016),Unknown,DIESEL,50000.0,MANUAL,1st Owner,"Sector 71, Noida",01-09-2022,379000,Volkswagen,2016.0,6.0
Hyundai Creta (2020),1.6 SX Option Executive Diesel,DIESEL,43861.0,MANUAL,1st Owner,"Ahiritola, Kolkata",01-23-2022,1165101,Hyundai,2020.0,2.0
Hyundai Verna (2019),VTVT 1.4 EX,PETROL,17000.0,MANUAL,2nd Owner,"Chelavoor, Pantheeramkavu",01-13-2022,815000,Hyundai,2019.0,3.0
Mg Hector (2019),Sharp diesel Manual,DIESEL,78000.0,MANUAL,1st Owner,"Yewlekar Mala, Nashik",11-29-2021,1835000,Mg,2019.0,3.0
Maruti Suzuki Swift Dzire (2009),VXI 1.2,PETROL,112052.0,MANUAL,1st Owner,"Thakray Circle Chowk, Nashik",01-07-2022,295000,Maruti,2009.0,13.0
Mg Hector (2019),Sharp diesel Manual,DIESEL,78000.0,MANUAL,1st Owner,"Yewlekar Mala, Nashik",11-29-2021,1835000,Mg,2019.0,3.0
Maruti Suzuki Swift Dzire (2009),VXI 1.2,PETROL,112052.0,MANUAL,1st Owner,"Thakray Circle Chowk, Nashik",01-07-2022,295000,Maruti,2009.0,13.0
Maruti Suzuki Wagon R 1.0 (2016),1.0 VXi,PETROL,34000.0,AUTOMATIC,1st Owner,"Lekha Nagar, Nashik",01-22-2022,411000,Maruti,2016.0,6.0
Maruti Suzuki Swift Dzire (2011),1.2 Vxi BSIV,PETROL,90000.0,MANUAL,Second Owner,"Madhuban Nagar, Nashik",01-27-2022,290000,Maruti,2011.0,11.0
Hyundai I10 (2010),1.1L iRDE ERA Special Edition,PETROL,90000.0,MANUAL,First Owner,"DGP Nagar, Nashik",01-27-2022,190000,Hyundai,2010.0,12.0
Chevrolet Spark (2011),1.0 LS,PETROL,52000.0,MANUAL,1st Owner,"Gulmohar Vihar, Nashik",01-27-2022,155000,Chevrolet,2011.0,11.0
Mahindra Xylo (2012),2012-2014 E9,DIESEL,132647.0,MANUAL,Third Owner,"Moti Nagar, Hyderabad",01-27-2022,625000,Mahindra,2012.0,10.0
Mahindra Xylo (2012),2012-2014 E9,DIESEL,132647.0,MANUAL,Third Owner,"Moti Nagar, Hyderabad",01-27-2022,625000,Mahindra,2012.0,10.0
Mahindra Xylo (2019),D4 BS III,DIESEL,52000.0,MANUAL,1st Owner,"Shivam Road, Hyderabad",01-24-2022,550000,Mahindra,2019.0,3.0
Mahindra Xylo (2019),D4,DIESEL,51000.0,MANUAL,1st Owner,"Nagole, Hyderabad",01-27-2022,550000,Mahindra,2019.0,3.0
Mahindra Xylo (2019),D4,DIESEL,82000.0,MANUAL,1st Owner,"Commercial Tax Colony, Hyderabad",01-26-2022,595000,Mahindra,2019.0,3.0
Mahindra Xylo (2019),D4,DIESEL,82000.0,MANUAL,1st Owner,"Commercial Tax Colony, Hyderabad",01-26-2022,595000,Mahindra,2019.0,3.0
Mahindra Xylo (2019),D4,DIESEL,51000.0,MANUAL,1st Owner,"Nagole, Hyderabad",01-27-2022,550000,Mahindra,2019.0,3.0
Mahindra Xylo (2019),D4,DIESEL,51000.0,MANUAL,1st Owner,"Nagole, Hyderabad",01-27-2022,550000,Mahindra,2019.0,3.0
Mahindra Xylo (2019),D4,DIESEL,82000.0,MANUAL,1st Owner,"Commercial Tax Colony, Hyderabad",01-26-2022,595000,Mahindra,2019.0,3.0
Maruti Suzuki Wagon R (2016),VXI AMT,PETROL,46851.0,MANUAL,1st Owner,"Satya Vihar, Bhubaneshwar",12-13-2021,349000,Maruti,2016.0,6.0
Maruti Suzuki Wagon R (2015),VXI,PETROL,30301.0,MANUAL,1st Owner,"Acharya Vihar, Bhubaneshwar",01-26-2022,325000,Maruti,2015.0,7.0
Maruti Suzuki Wagon R (2016),VXI,PETROL,61000.0,MANUAL,1st Owner,"Jayadev Vihar, Bhubaneshwar",01-27-2022,350000,Maruti,2016.0,6.0
Maruti Suzuki Wagon R (2015),VXI,PETROL,30301.0,MANUAL,1st Owner,"Acharya Vihar, Bhubaneshwar",01-26-2022,325000,Maruti,2015.0,7.0
Maruti Suzuki Wagon R (2016),VXI,PETROL,61000.0,MANUAL,1st Owner,"Jayadev Vihar, Bhubaneshwar",01-27-2022,350000,Maruti,2016.0,6.0
Maruti Suzuki Wagon R (2015),VXI,PETROL,30301.0,MANUAL,1st Owner,"Acharya Vihar, Bhubaneshwar",01-26-2022,325000,Maruti,2015.0,7.0
Audi Q7 (2012),3.0 TDI Quattro Premium Plus,DIESEL,98567.0,AUTOMATIC,1st Owner,"Industrial Area, Chandigarh",01-05-2022,1785000,Audi,2012.0,10.0
Audi Q7 (2013),3.0 TDI quattro,DIESEL,80000.0,AUTOMATIC,1st Owner,"Sector 69, Mohali",01-26-2022,1850000,Audi,2013.0,9.0
Audi Q7 (2013),3.0 TDI Quattro Premium Plus,DIESEL,80000.0,AUTOMATIC,1st Owner,"Chandigarh Airport Area, Chandigarh",01-27-2022,1685000,Audi,2013.0,9.0
Audi Q7 (2013),3.0 TDI Quattro Premium Plus,DIESEL,80000.0,AUTOMATIC,1st Owner,"Chandigarh Airport Area, Chandigarh",01-27-2022,1685000,Audi,2013.0,9.0
Audi Q7 (2013),3.0 TDI quattro,DIESEL,80000.0,AUTOMATIC,1st Owner,"Sector 69, Mohali",01-26-2022,1850000,Audi,2013.0,9.0
Audi Q7 (2013),3.0 TDI Quattro Premium Plus,DIESEL,80000.0,AUTOMATIC,1st Owner,"Chandigarh Airport Area, Chandigarh",01-27-2022,1685000,Audi,2013.0,9.0
Audi A6 (2011),2.0 TDI,DIESEL,125293.0,AUTOMATIC,2nd Owner,"Industrial Area, Chandigarh",12-25-2021,895000,Audi,2011.0,11.0
Audi A6 (2011),2.0 TDI,DIESEL,125293.0,AUTOMATIC,2nd Owner,"Industrial Area, Chandigarh",12-25-2021,895000,Audi,2011.0,11.0
Audi A6 (2010),2009-2011 2.7 TDI,DIESEL,84000.0,AUTOMATIC,1st Owner,"Shivalik Enclave, Chandigarh",01-26-2022,785000,Audi,2010.0,12.0
Maruti Suzuki Swift (2006),2004-2010 LXi BSIV,CNG,120000.0,MANUAL,Fourth Owner,"Sector 34A, Chandigarh",Other minor issues,160000,Maruti,2006.0,16.0
Hyundai Verna (2012),2011-2014 1.6 CRDI,DIESEL,120000.0,MANUAL,First Owner,"Sector 37C, Chandigarh",Haryana,425000,Hyundai,2012.0,10.0
Maruti Suzuki Sx4 (2013),ZXi,PETROL,87000.0,MANUAL,2nd Owner,"Sector 40A, Chandigarh",01-27-2022,310000,Maruti,2013.0,9.0
Hyundai Verna (2012),2011-2014 1.6 CRDI,DIESEL,120000.0,MANUAL,First Owner,"Sector 37C, Chandigarh",Haryana,425000,Hyundai,2012.0,10.0
Bmw 5 Series (2010),520d,DIESEL,90000.0,AUTOMATIC,2nd Owner,"Sector 1, Chandigarh",01-27-2022,1050000,Bmw,2010.0,12.0
Ford Mustang (2018),V8,PETROL,10000.0,AUTOMATIC,1st Owner,"Sector 19C, Chandigarh",01-27-2022,6450000,Ford,2018.0,4.0
Ford Mustang (2018),V8,PETROL,10000.0,AUTOMATIC,1st Owner,"Sector 19C, Chandigarh",01-27-2022,6450000,Ford,2018.0,4.0
Ford Mustang (2017),V8,DIESEL,16000.0,AUTOMATIC,2nd Owner,"Sector 22B, Chandigarh",01-25-2022,7175000,Ford,2017.0,5.0
Maruti Suzuki Alto 800 (2015),2012-2016 LXI,PETROL,63000.0,--,1st Owner,"Khandagiri, Bhubaneshwar",01-18-2022,220000,Maruti,2015.0,7.0
Maruti Suzuki Alto 800 (2015),2012-2016 LXI,PETROL,63000.0,--,1st Owner,"Khandagiri, Bhubaneshwar",01-18-2022,220000,Maruti,2015.0,7.0
Hyundai Creta (2017),1.6 SX Plus,PETROL,41545.0,MANUAL,1st Owner,"Madhapur, Hyderabad",09-30-2021,1095000,Hyundai,2017.0,5.0
Renault Kwid (2016),RXL,PETROL,90000.0,MANUAL,First Owner,"Now Gam, Nowgam",01-13-2022,230000,Renault,2016.0,6.0
Renault Kwid (2016),RXL,PETROL,90000.0,MANUAL,First Owner,"Now Gam, Nowgam",01-13-2022,230000,Renault,2016.0,6.0
Maruti Suzuki Wagon R (2018),CNG LXI Opt,CNG,120000.0,MANUAL,First Owner,"Shivaji Nagar, Mumbai",01-13-2022,380000,Maruti,2018.0,4.0
Maruti Suzuki Wagon R (2018),CNG LXI Opt,CNG,120000.0,MANUAL,First Owner,"Shivaji Nagar, Mumbai",01-13-2022,380000,Maruti,2018.0,4.0
Maruti Suzuki Wagon R Duo (2011),Others,LPG,90320.0,AUTOMATIC,4+ Owner,"Badi Bazar, Pihani",01-27-2022,180000,Maruti,2011.0,11.0
Maruti Suzuki Wagon R Duo (2011),Others,LPG,90320.0,AUTOMATIC,4+ Owner,"Badi Bazar, Pihani",01-27-2022,180000,Maruti,2011.0,11.0
Tata Indica (2008),DLS,DIESEL,125250.0,MANUAL,3rd Owner,"Thondankulangara, Alappuzha",01-27-2022,65000,Tata,2008.0,14.0
Maruti Suzuki 800 (2007),Others,PETROL,75000.0,AUTOMATIC,2nd Owner,"Tazipora, Mohmmad Pora",01-27-2022,70000,Maruti,2007.0,15.0
Hyundai Aura (2021),SX Plus Manual,PETROL,4000.0,MANUAL,1st Owner,"Ganga Bazar, Itanagar",01-27-2022,750000,Hyundai,2021.0,1.0
Mahindra Thar (2021),LX 4-STR Hard Top AT,DIESEL,1.0,AUTOMATIC,1st Owner,"Calicut Airport, Kozhikode",01-27-2022,1950000,Mahindra,2021.0,1.0
Tata Safari Storme (2016),VX,DIESEL,67000.0,MANUAL,1st Owner,"Police Lines, Varanasi",01-27-2022,725000,Tata,2016.0,6.0
Maruti Suzuki Swift Dzire (2012),LDI,DIESEL,79300.0,MANUAL,2nd Owner,"Akurdi, Pune",01-27-2022,380000,Maruti,2012.0,10.0
Hyundai I20 (2013),1.4 Sportz,DIESEL,83000.0,MANUAL,3rd Owner,"Jain Nagar, Meerut",01-27-2022,290000,Hyundai,2013.0,9.0
Hyundai Santro Xing (2011),GLS,PETROL,42000.0,AUTOMATIC,1st Owner,"Mukundapur, Kolkata",01-27-2022,127000,Hyundai,2011.0,11.0
Tata Safari Storme (2016),VX,DIESEL,67000.0,MANUAL,1st Owner,"Police Lines, Varanasi",01-27-2022,725000,Tata,2016.0,6.0
Maruti Suzuki Swift (2014),2011-2014 VDI,DIESEL,115625.0,MANUAL,2nd Owner,"Indira Nagar, Visakhapatnam",01-27-2022,415000,Maruti,2014.0,8.0
Maruti Suzuki Swift (2014),2011-2014 VDI,DIESEL,115625.0,MANUAL,2nd Owner,"Indira Nagar, Visakhapatnam",01-27-2022,415000,Maruti,2014.0,8.0
Mahindra Bolero (2006),2001-2010 DI,DIESEL,120000.0,AUTOMATIC,3rd Owner,"Hasanpur, Bakhri",01-27-2022,171000,Mahindra,2006.0,16.0
Nissan Micra (2016),XL CVT,PETROL,31000.0,AUTOMATIC,1st Owner,"Shahibag, Ahmedabad",01-06-2022,210000,Nissan,2016.0,6.0
Nissan Micra (2016),XL CVT,PETROL,31000.0,AUTOMATIC,1st Owner,"Shahibag, Ahmedabad",01-06-2022,210000,Nissan,2016.0,6.0
Nissan Micra (2014),2012-2017 Diesel XL,DIESEL,81321.0,MANUAL,1st Owner,"Ganga Nagar, Meerut",01-27-2022,210000,Nissan,2014.0,8.0
Hyundai I10 (2011),Magna 1.2 iTech SE,PETROL,63800.0,MANUAL,2nd Owner,"Mudichur, Chennai",01-27-2022,260000,Hyundai,2011.0,11.0
Hyundai I10 (2011),Magna 1.2 iTech SE,PETROL,63800.0,MANUAL,2nd Owner,"Mudichur, Chennai",01-27-2022,260000,Hyundai,2011.0,11.0
Ford Ecosport (2016),1.5 Diesel Titanium Plus,DIESEL,62000.0,MANUAL,1st Owner,"Amar Colony, Delhi",01-27-2022,580000,Ford,2016.0,6.0
Toyota Etios (2012),2010-2012 GD,DIESEL,170000.0,MANUAL,2nd Owner,"Burempet, Narasaraopet",01-27-2022,399999,Toyota,2012.0,10.0
Mahindra Xuv500 (2017),W6 2WD,DIESEL,85000.0,MANUAL,2nd Owner,"Vikaspuri, Delhi",01-27-2022,780000,Mahindra,2017.0,5.0
Mahindra Xuv500 (2017),W6 2WD,DIESEL,85000.0,MANUAL,2nd Owner,"Vikaspuri, Delhi",01-27-2022,780000,Mahindra,2017.0,5.0
Mahindra Xuv500 (2017),W6 2WD,DIESEL,85000.0,MANUAL,2nd Owner,"Vikaspuri, Delhi",01-27-2022,780000,Mahindra,2017.0,5.0
Mahindra Xuv500 (2017),W6 2WD,DIESEL,85000.0,MANUAL,2nd Owner,"Vikaspuri, Delhi",01-27-2022,780000,Mahindra,2017.0,5.0
Maruti Suzuki Swift Dzire (2012),1.2 Vxi BSIV,PETROL,80000.0,MANUAL,1st Owner,"Pitampura, Delhi",11-07-2021,315000,Maruti,2012.0,10.0
Mg Hector (2019),Sharp DCT Automatic,PETROL,28000.0,AUTOMATIC,1st Owner,"Indira Nagar, Bengaluru",12-03-2021,1675000,Mg,2019.0,3.0
Mg Hector (2019),Sharp DCT Automatic,PETROL,28000.0,AUTOMATIC,1st Owner,"Indira Nagar, Bengaluru",12-03-2021,1675000,Mg,2019.0,3.0
Mg Hector (2019),Sharp DCT Automatic,PETROL,28000.0,AUTOMATIC,1st Owner,"Indira Nagar, Bengaluru",12-03-2021,1675000,Mg,2019.0,3.0
Mg Hector (2019),Sharp DCT Automatic,PETROL,28000.0,AUTOMATIC,1st Owner,"Indira Nagar, Bengaluru",12-03-2021,1675000,Mg,2019.0,3.0
Hyundai I20 (2009),2009-2011 1.4 Asta (AT),CNG & HYBRIDS,98000.0,AUTOMATIC,4+ Owner,"Madhuram, Junagadh",01-27-2022,225000,Hyundai,2009.0,13.0
Maruti Suzuki Wagon R (2017),VXI BS IV,PETROL,22464.0,MANUAL,1st Owner,"Sector 38 Noida Golf Course, Noida",01-27-2022,418500,Maruti,2017.0,5.0
Maruti Suzuki Wagon R (2017),VXI BS IV,PETROL,22464.0,MANUAL,1st Owner,"Sector 38 Noida Golf Course, Noida",01-27-2022,418500,Maruti,2017.0,5.0
Tata Zest (2014),Quadrajet 1.3 XMA,DIESEL,62000.0,AUTOMATIC,#NAME?,"Tilak Nagar, Delhi",01-27-2022,296000,Tata,2014.0,8.0
Tata Zest (2014),Quadrajet 1.3 XMA,DIESEL,62000.0,AUTOMATIC,#NAME?,"Tilak Nagar, Delhi",01-27-2022,296000,Tata,2014.0,8.0
Hyundai I10 (2010),1.2 KAPPA ASTA O,PETROL,50000.0,MANUAL,First Owner,"Shahdara, Delhi",01-13-2022,150000,Hyundai,2010.0,12.0
Toyota Fortuner (2017),2.8 2WD MT,DIESEL,72000.0,MANUAL,1st Owner,"Kathreguppe, Bengaluru",01-27-2022,3200000,Toyota,2017.0,5.0
Maruti Suzuki Alto (2012),Std,PETROL,80000.0,MANUAL,3rd Owner,"Diakkwan, Kolasib",01-27-2022,99999,Maruti,2012.0,10.0
Maruti Suzuki Alto (2012),Std,PETROL,80000.0,MANUAL,3rd Owner,"Diakkwan, Kolasib",01-27-2022,99999,Maruti,2012.0,10.0
Maruti Suzuki Wagon R (2016),LXI CNG,PETROL,142000.0,MANUAL,1st Owner,"Sector 23A, Gurgaon",01-27-2022,222000,Maruti,2016.0,6.0
Hyundai Xcent (2015),1.2 VTVT S,CNG & HYBRIDS,200000.0,MANUAL,2nd Owner,"Mohan Nagar, Ghaziabad",01-27-2022,170000,Hyundai,2015.0,7.0
Mahindra Scorpio (2016),S8 7 Seater,DIESEL,35000.0,MANUAL,1st Owner,"Gurung Basti, Siliguri",01-27-2022,910000,Mahindra,2016.0,6.0
Mahindra Scorpio (2016),S8 7 Seater,DIESEL,35000.0,MANUAL,1st Owner,"Gurung Basti, Siliguri",01-27-2022,910000,Mahindra,2016.0,6.0
Isuzu Mu7 (2014),High BS IV,DIESEL,206167.0,MANUAL,1st Owner,"Goripalayam, Madurai",01-11-2022,850000,Isuzu,2014.0,8.0
Isuzu Mu7 (2014),High BS IV,DIESEL,206167.0,MANUAL,1st Owner,"Goripalayam, Madurai",01-11-2022,850000,Isuzu,2014.0,8.0
Toyota Fortuner (2012),2011-2016 4x2 Manual,DIESEL,150000.0,MANUAL,1st Owner,"Golf Course Road, Gurgaon",01-27-2022,965000,Toyota,2012.0,10.0
Toyota Fortuner (2012),2011-2016 4x2 Manual,DIESEL,150000.0,MANUAL,1st Owner,"Golf Course Road, Gurgaon",01-27-2022,965000,Toyota,2012.0,10.0
Toyota Fortuner (2012),2011-2016 4x2 Manual,DIESEL,150000.0,MANUAL,1st Owner,"Golf Course Road, Gurgaon",01-27-2022,965000,Toyota,2012.0,10.0
Toyota Fortuner (2012),2011-2016 4x2 Manual,DIESEL,150000.0,MANUAL,1st Owner,"Golf Course Road, Gurgaon",01-27-2022,965000,Toyota,2012.0,10.0
Toyota Fortuner (2012),2011-2016 4x2 Manual,DIESEL,150000.0,MANUAL,1st Owner,"Golf Course Road, Gurgaon",01-27-2022,965000,Toyota,2012.0,10.0
Hyundai Santro (2019),New,PETROL,6000.0,MANUAL,1st Owner,"Sajan Nagar, Sitamarhi",01-27-2022,350000,Hyundai,2019.0,3.0
Mahindra Bolero Pik-Up (2016),FB 1.7T,DIESEL,160000.0,MANUAL,First Owner,"MIDC Road, Mumbai",01-13-2022,525000,Mahindra,2016.0,6.0
Bmw 3 Series (2011),320d Sedan,DIESEL,85249.0,AUTOMATIC,1st Owner,"Khajaguda, Hyderabad",01-01-2022,985000,Bmw,2011.0,11.0
Bmw 3 Series (2011),320d Sedan,DIESEL,85249.0,AUTOMATIC,1st Owner,"Khajaguda, Hyderabad",01-01-2022,985000,Bmw,2011.0,11.0
Mercedes-Benz M-Class (2015),ML 350 CDI,DIESEL,115000.0,AUTOMATIC,1st Owner,"Maradu, Kochi",01-03-2022,3500000,Mercedes-Benz,2015.0,7.0
Mercedes-Benz M-Class (2015),ML 350 CDI,DIESEL,115000.0,AUTOMATIC,1st Owner,"Maradu, Kochi",01-03-2022,3500000,Mercedes-Benz,2015.0,7.0
Mercedes-Benz M-Class (2015),ML 350 CDI,DIESEL,115000.0,AUTOMATIC,1st Owner,"Maradu, Kochi",01-03-2022,3500000,Mercedes-Benz,2015.0,7.0
Hyundai I10 (2009),2007-2010 Sportz 1.2,PETROL,55000.0,MANUAL,2nd Owner,"Kasaridih, Durg",01-10-2022,180000,Hyundai,2009.0,13.0
Hyundai I10 (2009),2007-2010 Sportz 1.2,PETROL,55000.0,MANUAL,2nd Owner,"Kasaridih, Durg",01-10-2022,180000,Hyundai,2009.0,13.0
Chevrolet Optra Magnum (2009),1.6 LS Petrol,PETROL,90000.0,MANUAL,Fourth Owner,"Najafgarh, Delhi",01-13-2022,85000,Chevrolet,2009.0,13.0
Maruti Suzuki 800 (2004),Std MPFi,PETROL,70000.0,MANUAL,Third Owner,"Khed Shivapur, Pune",01-13-2022,49999,Maruti,2004.0,18.0
Maruti Suzuki 800 (2004),Std MPFi,PETROL,70000.0,MANUAL,Third Owner,"Khed Shivapur, Pune",01-13-2022,49999,Maruti,2004.0,18.0
Mercedes-Benz E-Class (2012),2013-2015 E250 CDI Avantgrade,DIESEL,85000.0,AUTOMATIC,1st Owner,"Moonnu Mukku Junction, Attingal",01-27-2022,1585000,Mercedes-Benz,2012.0,10.0
Mercedes-Benz E-Class (2012),2013-2015 E250 CDI Avantgrade,DIESEL,85000.0,AUTOMATIC,1st Owner,"Moonnu Mukku Junction, Attingal",01-27-2022,1585000,Mercedes-Benz,2012.0,10.0
Mercedes-Benz E-Class (2012),2013-2015 E250 CDI Avantgrade,DIESEL,85000.0,AUTOMATIC,1st Owner,"Moonnu Mukku Junction, Attingal",01-27-2022,1585000,Mercedes-Benz,2012.0,10.0
Mercedes-Benz E-Class (2012),2013-2015 E250 CDI Avantgrade,DIESEL,85000.0,AUTOMATIC,1st Owner,"Moonnu Mukku Junction, Attingal",01-27-2022,1585000,Mercedes-Benz,2012.0,10.0
Mercedes-Benz E-Class (2012),2013-2015 E250 CDI Avantgrade,DIESEL,85000.0,AUTOMATIC,1st Owner,"Moonnu Mukku Junction, Attingal",01-27-2022,1585000,Mercedes-Benz,2012.0,10.0
Maruti Suzuki 800 (2004),Std MPFi,PETROL,70000.0,MANUAL,Third Owner,"Khed Shivapur, Pune",Maharashtra,49999,Maruti,2004.0,18.0
Chevrolet Optra Magnum (2009),1.6 LS Petrol,PETROL,90000.0,MANUAL,Fourth Owner,"Najafgarh, Delhi",Delhi,85000,Chevrolet,2009.0,13.0
Chevrolet Optra Magnum (2009),1.6 LS Petrol,PETROL,90000.0,MANUAL,Fourth Owner,"Najafgarh, Delhi",Delhi,85000,Chevrolet,2009.0,13.0
Toyota Corolla Altis (2014),1.8 G,PETROL,68790.0,AUTOMATIC,1st Owner,"Bandra West, Mumbai",01-27-2022,850000,Toyota,2014.0,8.0
Toyota Corolla Altis (2014),1.8 G,PETROL,68790.0,AUTOMATIC,1st Owner,"Bandra West, Mumbai",01-27-2022,850000,Toyota,2014.0,8.0
Skoda Superb (2019),Style 1.8 TSI AT,PETROL,35000.0,AUTOMATIC,1st Owner,"Andheri West, Mumbai",01-27-2022,2350000,Skoda,2019.0,3.0
Skoda Superb (2019),Style 1.8 TSI AT,PETROL,35000.0,AUTOMATIC,1st Owner,"Andheri West, Mumbai",01-27-2022,2350000,Skoda,2019.0,3.0
Skoda Superb (2019),Style 1.8 TSI AT,PETROL,35000.0,AUTOMATIC,1st Owner,"Andheri West, Mumbai",01-27-2022,2350000,Skoda,2019.0,3.0
Skoda Superb (2019),Style 1.8 TSI AT,PETROL,35000.0,AUTOMATIC,1st Owner,"Andheri West, Mumbai",01-27-2022,2350000,Skoda,2019.0,3.0
Skoda Superb (2019),Style 1.8 TSI AT,PETROL,35000.0,AUTOMATIC,1st Owner,"Andheri West, Mumbai",01-27-2022,2350000,Skoda,2019.0,3.0
Maruti Suzuki Eeco (2019),5 Seater AC,PETROL,17000.0,MANUAL,1st Owner,"Rajarampuri, Kolhapur",01-27-2022,475000,Maruti,2019.0,3.0
Maruti Suzuki Eeco (2019),5 Seater AC,PETROL,17000.0,MANUAL,1st Owner,"Rajarampuri, Kolhapur",01-27-2022,475000,Maruti,2019.0,3.0
Maruti Suzuki Wagon R 1.0 (2017),1.0 VXi,PETROL,45000.0,AUTOMATIC,2nd Owner,"New Shahupuri, Kolhapur",01-27-2022,485000,Maruti,2017.0,5.0
Maruti Suzuki Zen (2006),VXI,PETROL,95000.0,MANUAL,3rd Owner,"Muvattupuzha, Muvattupuzha",01-27-2022,110000,Maruti,2006.0,16.0
Maruti Suzuki Estilo (2010),LXI,PETROL,18250.0,MANUAL,3rd Owner,"Barackpore, Kolkata",01-27-2022,180000,Maruti,2010.0,12.0
Maruti Suzuki Wagon R 1.0 (2017),1.0 VXi,PETROL,45000.0,AUTOMATIC,2nd Owner,"New Shahupuri, Kolhapur",01-27-2022,485000,Maruti,2017.0,5.0
Maruti Suzuki Wagon R 1.0 (2017),1.0 VXi,PETROL,45000.0,AUTOMATIC,2nd Owner,"New Shahupuri, Kolhapur",01-27-2022,485000,Maruti,2017.0,5.0
Maruti Suzuki Zen (2006),VXI,PETROL,95000.0,MANUAL,3rd Owner,"Muvattupuzha, Muvattupuzha",01-27-2022,110000,Maruti,2006.0,16.0
Maruti Suzuki Estilo (2010),LXI,PETROL,18250.0,MANUAL,3rd Owner,"Barackpore, Kolkata",01-27-2022,180000,Maruti,2010.0,12.0
Maruti Suzuki Swift Dzire (2014),VDI,DIESEL,60000.0,MANUAL,1st Owner,"Brahmsthan, Azamgarh",01-27-2022,400000,Maruti,2014.0,8.0
Maruti Suzuki Swift Dzire (2014),VDI,DIESEL,60000.0,MANUAL,1st Owner,"Brahmsthan, Azamgarh",01-27-2022,400000,Maruti,2014.0,8.0
Maruti Suzuki Wagon R Duo (2018),Others,CNG & HYBRIDS,55000.0,MANUAL,1st Owner,"Dahisar East, Mumbai",01-27-2022,465000,Maruti,2018.0,4.0
Maruti Suzuki Wagon R 1.0 (2017),1.0 VXi,PETROL,45000.0,AUTOMATIC,2nd Owner,"New Shahupuri, Kolhapur",01-27-2022,485000,Maruti,2017.0,5.0
Maruti Suzuki Wagon R 1.0 (2017),1.0 VXi,PETROL,45000.0,AUTOMATIC,2nd Owner,"New Shahupuri, Kolhapur",01-27-2022,485000,Maruti,2017.0,5.0
Maruti Suzuki Swift (2010),2004-2010 Lxi BSIII,PETROL,120000.0,MANUAL,Second Owner,"Shashtri Nagar, Delhi",Delhi,200000,Maruti,2010.0,12.0
Maruti Suzuki 800 (1998),Duo AC LPG,PETROL,60000.0,MANUAL,4+ Owner,"Gokul Nagar, Udaipur",01-27-2022,35000,Maruti,1998.0,24.0
Volkswagen Vento (2012),1.6 Highline,DIESEL,145000.0,MANUAL,2nd Owner,"Sector 62, Noida",01-27-2022,235000,Volkswagen,2012.0,10.0
Volkswagen Vento (2012),1.6 Highline,DIESEL,145000.0,MANUAL,2nd Owner,"Sector 62, Noida",01-27-2022,235000,Volkswagen,2012.0,10.0
Tata Bolt (2015),Quadrajet XM,DIESEL,85000.0,MANUAL,2nd Owner,"Parasakthi Colony, Sivakasi",01-27-2022,350000,Tata,2015.0,7.0
Nissan Sunny (2012),Diesel XV,DIESEL,135000.0,MANUAL,2nd Owner,"Baavi, Medarametla",01-27-2022,380000,Nissan,2012.0,10.0
Ford Fiesta (2013),1.5 TDCi Titanium,DIESEL,64000.0,MANUAL,#NAME?,"Tilak Nagar, Delhi",01-27-2022,296000,Ford,2013.0,9.0
Ford Fiesta (2013),1.5 TDCi Titanium,DIESEL,64000.0,MANUAL,#NAME?,"Tilak Nagar, Delhi",01-27-2022,296000,Ford,2013.0,9.0
Maruti Suzuki Swift (2009),2004-2010 Ldi BSIV,DIESEL,200000.0,MANUAL,1st Owner,"Drivers Colony, Bhadrachalam",01-27-2022,175000,Maruti,2009.0,13.0
Toyota Innova (2007),2.5 EV Diesel MS 8 Str BSIII,DIESEL,185000.0,MANUAL,2nd Owner,"Dabeerpura, Hyderabad",01-27-2022,400000,Toyota,2007.0,15.0
Toyota Innova (2007),2.5 EV Diesel MS 8 Str BSIII,DIESEL,185000.0,MANUAL,2nd Owner,"Dabeerpura, Hyderabad",01-27-2022,400000,Toyota,2007.0,15.0
Tata Bolt (2015),Quadrajet XM,DIESEL,85000.0,MANUAL,2nd Owner,"Parasakthi Colony, Sivakasi",01-27-2022,350000,Tata,2015.0,7.0
Audi A6 (2014),2.0 TDI,DIESEL,89000.0,AUTOMATIC,1st Owner,"Tidke Nagar, Nashik",01-27-2022,1600000,Audi,2014.0,8.0
Honda Amaze (2013),1.5 V CVT ( I-DTEC) Manual,PETROL,88800.0,MANUAL,1st Owner,"Sabzi Mandi, Shimla",01-27-2022,315000,Honda,2013.0,9.0
Honda Amaze (2013),1.5 V CVT ( I-DTEC) Manual,PETROL,88800.0,MANUAL,1st Owner,"Sabzi Mandi, Shimla",01-27-2022,315000,Honda,2013.0,9.0
Maruti Suzuki Others (2021),Unknown,CNG & HYBRIDS,5000.0,MANUAL,1st Owner,"Umiya Nagar, Nadiad",01-27-2022,645000,Maruti,2021.0,1.0
Maruti Suzuki Alto 800 (2017),LXI,PETROL,4000.0,MANUAL,1st Owner,"Golpark, Kolkata",01-27-2022,280000,Maruti,2017.0,5.0
Audi A6 (2015),35 TDI,DIESEL,79800.0,AUTOMATIC,2nd Owner,"Richmond Road, Bengaluru",01-27-2022,2100000,Audi,2015.0,7.0
Audi A6 (2015),35 TDI,DIESEL,79800.0,AUTOMATIC,2nd Owner,"Richmond Road, Bengaluru",01-27-2022,2100000,Audi,2015.0,7.0
Hyundai I20 (2017),1.2 Asta,PETROL,33000.0,MANUAL,2nd Owner,"New Timber Market Area, Raipur",01-27-2022,620000,Hyundai,2017.0,5.0
Hyundai I20 (2017),1.2 Asta,PETROL,33000.0,MANUAL,2nd Owner,"New Timber Market Area, Raipur",01-27-2022,620000,Hyundai,2017.0,5.0
Audi Q3 (2016),35 TDI Quattro Premium Plus,DIESEL,80000.0,AUTOMATIC,2nd Owner,"Mr 10 Road, Indore",01-08-2022,1750000,Audi,2016.0,6.0
Audi Q3 (2016),35 TDI Quattro Premium Plus,DIESEL,80000.0,AUTOMATIC,2nd Owner,"Mr 10 Road, Indore",01-08-2022,1750000,Audi,2016.0,6.0
Volvo Xc60 (2017),Momentum D4,DIESEL,89000.0,AUTOMATIC,2nd Owner,"Mehdipatnam, Hyderabad",01-27-2022,2400000,Volvo,2017.0,5.0
Volvo Xc60 (2017),Momentum D4,DIESEL,89000.0,AUTOMATIC,2nd Owner,"Mehdipatnam, Hyderabad",01-27-2022,2400000,Volvo,2017.0,5.0
Toyota Innova (2007),2.5 EV Diesel MS 8 Str BSIII,DIESEL,185000.0,MANUAL,2nd Owner,"Dabeerpura, Hyderabad",01-27-2022,400000,Toyota,2007.0,15.0
Hyundai I20 (2017),1.2 Asta,PETROL,33000.0,MANUAL,2nd Owner,"New Timber Market Area, Raipur",01-27-2022,620000,Hyundai,2017.0,5.0
Honda Amaze (2013),1.5 V CVT ( I-DTEC) Manual,PETROL,88800.0,MANUAL,1st Owner,"Sabzi Mandi, Shimla",01-27-2022,315000,Honda,2013.0,9.0
Maruti Suzuki 800 (2004),Std MPFi,PETROL,70000.0,MANUAL,Third Owner,"Khed Shivapur, Pune",Maharashtra,49999,Maruti,2004.0,18.0
Audi Q3 (2016),35 TDI Quattro Premium Plus,DIESEL,80000.0,AUTOMATIC,2nd Owner,"Mr 10 Road, Indore",01-08-2022,1750000,Audi,2016.0,6.0
Honda Jazz (2015),V Automatic,PETROL,21000.0,AUTOMATIC,2nd Owner,"Janakpuri, Delhi",01-25-2022,500000,Honda,2015.0,7.0
Volkswagen Vento (2012),1.6 Highline,DIESEL,145000.0,MANUAL,2nd Owner,"Sector 62, Noida",01-27-2022,235000,Volkswagen,2012.0,10.0
Volkswagen Vento (2012),1.6 Highline,DIESEL,145000.0,MANUAL,2nd Owner,"Sector 62, Noida",01-27-2022,235000,Volkswagen,2012.0,10.0
Volkswagen Vento (2012),1.6 Highline,DIESEL,145000.0,MANUAL,2nd Owner,"Sector 62, Noida",01-27-2022,235000,Volkswagen,2012.0,10.0
Volkswagen Vento (2012),1.6 Highline,DIESEL,145000.0,MANUAL,2nd Owner,"Sector 62, Noida",01-27-2022,235000,Volkswagen,2012.0,10.0
Volkswagen Vento (2012),1.6 Highline,DIESEL,145000.0,MANUAL,2nd Owner,"Sector 62, Noida",01-27-2022,235000,Volkswagen,2012.0,10.0
Volkswagen Vento (2012),1.6 Highline,DIESEL,145000.0,MANUAL,2nd Owner,"Sector 62, Noida",01-27-2022,235000,Volkswagen,2012.0,10.0
Volkswagen Vento (2012),1.6 Highline,DIESEL,145000.0,MANUAL,2nd Owner,"Sector 62, Noida",01-27-2022,235000,Volkswagen,2012.0,10.0
Honda Jazz (2015),V Automatic,PETROL,21000.0,AUTOMATIC,2nd Owner,"Janakpuri, Delhi",01-25-2022,500000,Honda,2015.0,7.0
Chevrolet Optra Magnum (2009),1.6 LS Petrol,PETROL,90000.0,MANUAL,Fourth Owner,"Najafgarh, Delhi",Delhi,85000,Chevrolet,2009.0,13.0
Chevrolet Optra Magnum (2009),1.6 LS Petrol,PETROL,90000.0,MANUAL,Fourth Owner,"Najafgarh, Delhi",Delhi,85000,Chevrolet,2009.0,13.0
Maruti Suzuki 800 (2004),Std MPFi,PETROL,70000.0,MANUAL,Third Owner,"Khed Shivapur, Pune",Maharashtra,49999,Maruti,2004.0,18.0
Ford Ecosport (2017),1.5 Diesel Titanium,DIESEL,97000.0,MANUAL,1st Owner,"Tidke Nagar, Nashik",01-27-2022,675000,Ford,2017.0,5.0
Volkswagen Polo (2011),2009-2013 Petrol Comfortline 1.2L,DIESEL,117000.0,MANUAL,2nd Owner,"Parasakthi Colony, Sivakasi",01-27-2022,270000,Volkswagen,2011.0,11.0
Volvo Xc60 (2017),Momentum D4,DIESEL,89000.0,AUTOMATIC,2nd Owner,"Mehdipatnam, Hyderabad",01-27-2022,2400000,Volvo,2017.0,5.0
Volvo Xc60 (2017),Momentum D4,DIESEL,89000.0,AUTOMATIC,2nd Owner,"Mehdipatnam, Hyderabad",01-27-2022,2400000,Volvo,2017.0,5.0
Toyota Fortuner (2017),3.0 4x4 Automatic,DIESEL,50000.0,AUTOMATIC,1st Owner,"Jubilee Hills, Hyderabad",01-27-2022,2899999,Toyota,2017.0,5.0
Mahindra Bolero Pik-Up (2012),FB 1.25T,DIESEL,148000.0,MANUAL,2nd Owner,"Saha Industrial Area, Saha",01-27-2022,370000,Mahindra,2012.0,10.0
Tata Tiago (2018),1.2 Revotron XTA,PETROL,68000.0,AUTOMATIC,1st Owner,"Assissi Nagar, Aluva",01-14-2022,475000,Tata,2018.0,4.0
Tata Tiago (2018),1.2 Revotron XTA,PETROL,68000.0,AUTOMATIC,1st Owner,"Assissi Nagar, Aluva",01-14-2022,475000,Tata,2018.0,4.0
Ford Fiesta (2010),2008-2011 1.4 ZXi TDCi LE,DIESEL,125000.0,MANUAL,2nd Owner,"NGO Colony, Pamur",01-27-2022,200000,Ford,2010.0,12.0
Tata Others (2012),Unknown,DIESEL,5000.0,MANUAL,2nd Owner,"Anna Bhau Sathe Chowk, Nanded",01-27-2022,800000,Tata,2012.0,10.0
Mahindra Xylo (2012),2012-2014 E8 ABS BS III,DIESEL,150000.0,MANUAL,2nd Owner,"Parasakthi Colony, Sivakasi",01-27-2022,493000,Mahindra,2012.0,10.0
Maruti Suzuki Swift (2015),VDI,DIESEL,97000.0,MANUAL,2nd Owner,"Anthiyoorkonam, Thiruvananthapuram",01-27-2022,450000,Maruti,2015.0,7.0
Toyota Fortuner (2017),3.0 4x4 Automatic,DIESEL,50000.0,AUTOMATIC,1st Owner,"Jubilee Hills, Hyderabad",01-27-2022,2899999,Toyota,2017.0,5.0
Toyota Fortuner (2017),3.0 4x4 Automatic,DIESEL,50000.0,AUTOMATIC,1st Owner,"Jubilee Hills, Hyderabad",01-27-2022,2899999,Toyota,2017.0,5.0
Volvo Xc60 (2017),Momentum D4,DIESEL,89000.0,AUTOMATIC,2nd Owner,"Mehdipatnam, Hyderabad",01-27-2022,2400000,Volvo,2017.0,5.0
Volvo Xc60 (2017),Momentum D4,DIESEL,89000.0,AUTOMATIC,2nd Owner,"Mehdipatnam, Hyderabad",01-27-2022,2400000,Volvo,2017.0,5.0
Maruti Suzuki 800 (2004),Std MPFi,PETROL,70000.0,MANUAL,Third Owner,"Khed Shivapur, Pune",Maharashtra,49999,Maruti,2004.0,18.0
Hyundai Accent (2005),DLS,PETROL,95000.0,AUTOMATIC,4th Owner,"Kulswamini Vihar, Amravati",01-27-2022,85000,Hyundai,2005.0,17.0
Maruti Suzuki Wagon R (2017),VXI BS IV,PETROL,22464.0,MANUAL,1st Owner,"Narela, Delhi",01-27-2022,418500,Maruti,2017.0,5.0
Maruti Suzuki Wagon R (2017),VXI BS IV,PETROL,22464.0,MANUAL,1st Owner,"Narela, Delhi",01-27-2022,418500,Maruti,2017.0,5.0
Hyundai Accent (2005),DLS,PETROL,95000.0,AUTOMATIC,4th Owner,"Kulswamini Vihar, Amravati",01-27-2022,85000,Hyundai,2005.0,17.0
Maruti Suzuki Zen (2004),LX,PETROL,100000.0,MANUAL,2nd Owner,"Saraswati Vihar, Amritsar",01-27-2022,90000,Maruti,2004.0,18.0
Maruti Suzuki Zen (2004),LX,PETROL,100000.0,MANUAL,2nd Owner,"Saraswati Vihar, Amritsar",01-27-2022,90000,Maruti,2004.0,18.0
Maruti Suzuki Swift Dzire (2012),LXI,PETROL,110000.0,MANUAL,3rd Owner,"Bharat Nagar, Sillod",01-27-2022,345000,Maruti,2012.0,10.0
Mahindra Xuv500 (2015),W10 2WD,DIESEL,64153.0,MANUAL,1st Owner,"Madhapur, Hyderabad",01-27-2022,1200000,Mahindra,2015.0,7.0
Mahindra Xuv500 (2018),W11,DIESEL,42000.0,MANUAL,1st Owner,"Vaishali Nagar, Jaipur",01-22-2022,1550000,Mahindra,2018.0,4.0
Maruti Suzuki Wagon R (2013),LXI CNG,CNG,120000.0,MANUAL,Second Owner,"Rohini, Delhi",Delhi,260000,Maruti,2013.0,9.0
Maruti Suzuki Swift Dzire (2014),ZDI,DIESEL,102175.0,MANUAL,3rd Owner,Oulgaret,01-27-2022,410000,Maruti,2014.0,8.0
Bmw X5 M (2016),Others,DIESEL,50000.0,AUTOMATIC,1st Owner,"Santacruz West, Mumbai",01-27-2022,4850000,Bmw,2016.0,6.0
Bmw X5 M (2016),Others,DIESEL,50000.0,AUTOMATIC,1st Owner,"Santacruz West, Mumbai",01-27-2022,4850000,Bmw,2016.0,6.0
Mahindra Xuv500 (2015),W10 2WD,DIESEL,64153.0,MANUAL,1st Owner,"Madhapur, Hyderabad",01-27-2022,1200000,Mahindra,2015.0,7.0
Maruti Suzuki Alto (2008),2005-2010 LXi BSIII,PETROL,50000.0,MANUAL,Second Owner,"Royal Enclave, Jodhpur",Rajasthan,150000,Maruti,2008.0,14.0
Maruti Suzuki Alto (2008),2005-2010 LXi BSIII,PETROL,50000.0,MANUAL,Second Owner,"Royal Enclave, Jodhpur",Rajasthan,150000,Maruti,2008.0,14.0
Skoda Superb (2014),2013-2015 Ambition 1.8 TSI MT,PETROL,78000.0,MANUAL,1st Owner,"Attapur, Hyderabad",01-27-2022,750000,Skoda,2014.0,8.0
Honda City (2021),i-VTEC CVT VX,PETROL,3500.0,AUTOMATIC,1st Owner,"Andheri West, Mumbai",01-07-2022,1499000,Honda,2021.0,1.0
Volkswagen Polo (2016),Unknown,DIESEL,50000.0,MANUAL,1st Owner,"Sector 71, Noida",01-09-2022,379000,Volkswagen,2016.0,6.0
Hyundai Creta (2020),1.6 SX Option Executive Diesel,DIESEL,43861.0,MANUAL,1st Owner,"Ahiritola, Kolkata",01-23-2022,1165101,Hyundai,2020.0,2.0
Hyundai Verna (2019),VTVT 1.4 EX,PETROL,17000.0,MANUAL,2nd Owner,"Chelavoor, Pantheeramkavu",01-13-2022,815000,Hyundai,2019.0,3.0
Hyundai Verna (2019),VTVT 1.4 EX,PETROL,17000.0,MANUAL,2nd Owner,"Chelavoor, Pantheeramkavu",01-13-2022,815000,Hyundai,2019.0,3.0
Hyundai Verna (2019),VTVT 1.4 EX,PETROL,17000.0,MANUAL,2nd Owner,"Chelavoor, Pantheeramkavu",01-13-2022,815000,Hyundai,2019.0,3.0
Hyundai Verna (2019),VTVT 1.4 EX,PETROL,17000.0,MANUAL,2nd Owner,"Chelavoor, Pantheeramkavu",01-13-2022,815000,Hyundai,2019.0,3.0
Volkswagen Polo (2016),Unknown,DIESEL,50000.0,MANUAL,1st Owner,"Sector 71, Noida",01-09-2022,379000,Volkswagen,2016.0,6.0
Hyundai Creta (2020),1.6 SX Option Executive Diesel,DIESEL,43861.0,MANUAL,1st Owner,"Ahiritola, Kolkata",01-23-2022,1165101,Hyundai,2020.0,2.0
Hyundai Verna (2019),VTVT 1.4 EX,PETROL,17000.0,MANUAL,2nd Owner,"Chelavoor, Pantheeramkavu",01-13-2022,815000,Hyundai,2019.0,3.0
Toyota Fortuner (2010),3.0 4x4 Manual,DIESEL,113000.0,MANUAL,2nd Owner,"Sion East, Mumbai",01-27-2022,899999,Toyota,2010.0,12.0
Toyota Fortuner (2010),3.0 4x4 Manual,DIESEL,113000.0,MANUAL,2nd Owner,"Sion East, Mumbai",01-27-2022,899999,Toyota,2010.0,12.0
Volkswagen Polo (2016),Unknown,DIESEL,50000.0,MANUAL,1st Owner,"Sector 71, Noida",01-09-2022,379000,Volkswagen,2016.0,6.0
Hyundai Creta (2020),1.6 SX Option Executive Diesel,DIESEL,43861.0,MANUAL,1st Owner,"Ahiritola, Kolkata",01-23-2022,1165101,Hyundai,2020.0,2.0
Hyundai Verna (2019),VTVT 1.4 EX,PETROL,17000.0,MANUAL,2nd Owner,"Chelavoor, Pantheeramkavu",01-13-2022,815000,Hyundai,2019.0,3.0
Volkswagen Polo (2016),Unknown,DIESEL,50000.0,MANUAL,1st Owner,"Sector 71, Noida",01-09-2022,379000,Volkswagen,2016.0,6.0
Hyundai Creta (2020),1.6 SX Option Executive Diesel,DIESEL,43861.0,MANUAL,1st Owner,"Ahiritola, Kolkata",01-23-2022,1165101,Hyundai,2020.0,2.0
Hyundai Verna (2019),VTVT 1.4 EX,PETROL,17000.0,MANUAL,2nd Owner,"Chelavoor, Pantheeramkavu",01-13-2022,815000,Hyundai,2019.0,3.0
Volkswagen Polo (2016),Unknown,DIESEL,50000.0,MANUAL,1st Owner,"Sector 71, Noida",01-09-2022,379000,Volkswagen,2016.0,6.0
Hyundai Creta (2020),1.6 SX Option Executive Diesel,DIESEL,43861.0,MANUAL,1st Owner,"Ahiritola, Kolkata",01-23-2022,1165101,Hyundai,2020.0,2.0
Hyundai Verna (2019),VTVT 1.4 EX,PETROL,17000.0,MANUAL,2nd Owner,"Chelavoor, Pantheeramkavu",01-13-2022,815000,Hyundai,2019.0,3.0
Volkswagen Polo (2016),Unknown,DIESEL,50000.0,MANUAL,1st Owner,"Sector 71, Noida",01-09-2022,379000,Volkswagen,2016.0,6.0
Hyundai Creta (2020),1.6 SX Option Executive Diesel,DIESEL,43861.0,MANUAL,1st Owner,"Ahiritola, Kolkata",01-23-2022,1165101,Hyundai,2020.0,2.0
Hyundai Verna (2019),VTVT 1.4 EX,PETROL,17000.0,MANUAL,2nd Owner,"Chelavoor, Pantheeramkavu",01-13-2022,815000,Hyundai,2019.0,3.0
Volkswagen Polo (2016),Unknown,DIESEL,50000.0,MANUAL,1st Owner,"Sector 71, Noida",01-09-2022,379000,Volkswagen,2016.0,6.0
Hyundai Creta (2020),1.6 SX Option Executive Diesel,DIESEL,43861.0,MANUAL,1st Owner,"Ahiritola, Kolkata",01-23-2022,1165101,Hyundai,2020.0,2.0
Hyundai Verna (2019),VTVT 1.4 EX,PETROL,17000.0,MANUAL,2nd Owner,"Chelavoor, Pantheeramkavu",01-13-2022,815000,Hyundai,2019.0,3.0
Audi Q2 (2021),2021,PETROL,4000.0,AUTOMATIC,1st Owner,"Camac Street Area, Kolkata",01-20-2022,3450000,Audi,2021.0,1.0
Maruti Suzuki Ritz (2013),Zdi BS-IV,DIESEL,42000.0,MANUAL,1st Owner,"EM Bypass - Science City Area, Kolkata",01-15-2022,289000,Maruti,2013.0,9.0
Renault Duster (2016),2015-2016 85PS Diesel RxE,DIESEL,63000.0,MANUAL,1st Owner,"EM Bypass - Science City Area, Kolkata",01-18-2022,480000,Renault,2016.0,6.0
Audi Q2 (2021),2021,PETROL,4000.0,AUTOMATIC,1st Owner,"Camac Street Area, Kolkata",01-20-2022,3450000,Audi,2021.0,1.0
Honda Jazz (2015),1.5 V i DTEC,DIESEL,81379.0,MANUAL,First Owner,"Saltlake Sector II, Kolkata",01-20-2022,340000,Honda,2015.0,7.0
Renault Duster (2016),2015-2016 85PS Diesel RxE,DIESEL,63000.0,MANUAL,1st Owner,"EM Bypass - Science City Area, Kolkata",01-18-2022,480000,Renault,2016.0,6.0
Ford Ecosport (2015),1.5 TDCi Titanium Plus,DIESEL,51328.0,MANUAL,Second Owner,"Picnic Garden, Kolkata",01-20-2022,538999,Ford,2015.0,7.0
Ford Ecosport (2015),1.5 Diesel Titanium Plus,DIESEL,57713.0,MANUAL,1st Owner,"Uttar Panchanan Gram, Kolkata",01-27-2022,475000,Ford,2015.0,7.0
Ford Ecosport (2015),1.5 Diesel Titanium Plus,DIESEL,57713.0,MANUAL,1st Owner,"Uttar Panchanan Gram, Kolkata",01-27-2022,475000,Ford,2015.0,7.0
Land Rover Range Rover Evoque (2012),Evoque Prestige SD4,DIESEL,46300.0,AUTOMATIC,1st Owner,"Saltlake Sector 1, Kolkata",04-29-2021,2199000,Land,2012.0,10.0
Land Rover Range Rover Evoque (2012),Evoque Prestige SD4,DIESEL,46300.0,AUTOMATIC,1st Owner,"Saltlake Sector 1, Kolkata",04-29-2021,2199000,Land,2012.0,10.0
Mahindra Bolero Power Plus (2019),SLE,DIESEL,14900.0,MANUAL,1st Owner,"Park Circus, Kolkata",12-22-2021,760000,Mahindra,2019.0,3.0
Honda Jazz (2015),1.5 V i DTEC,DIESEL,81379.0,MANUAL,First Owner,"Saltlake Sector II, Kolkata",01-24-2022,340000,Honda,2015.0,7.0
Ford Ecosport (2015),1.5 TDCi Titanium Plus,DIESEL,51328.0,MANUAL,Second Owner,"Picnic Garden, Kolkata",01-24-2022,538999,Ford,2015.0,7.0
Ford Ecosport (2015),1.5 Diesel Titanium Plus,DIESEL,57713.0,MANUAL,1st Owner,"Uttar Panchanan Gram, Kolkata",01-27-2022,475000,Ford,2015.0,7.0
Hyundai Creta (2016),1.6 CRDi SX Option,DIESEL,32000.0,MANUAL,2nd Owner,"Paikpara, Kolkata",01-27-2022,825000,Hyundai,2016.0,6.0
Volkswagen Polo (2016),Unknown,DIESEL,50000.0,MANUAL,1st Owner,"Sector 71, Noida",01-09-2022,379000,Volkswagen,2016.0,6.0
Hyundai Creta (2020),1.6 SX Option Executive Diesel,DIESEL,43861.0,MANUAL,1st Owner,"Ahiritola, Kolkata",01-23-2022,1165101,Hyundai,2020.0,2.0
Hyundai Verna (2019),VTVT 1.4 EX,PETROL,17000.0,MANUAL,2nd Owner,"Chelavoor, Pantheeramkavu",01-13-2022,815000,Hyundai,2019.0,3.0
Volkswagen Polo (2016),Unknown,DIESEL,50000.0,MANUAL,1st Owner,"Sector 71, Noida",01-09-2022,379000,Volkswagen,2016.0,6.0
Hyundai Creta (2020),1.6 SX Option Executive Diesel,DIESEL,43861.0,MANUAL,1st Owner,"Ahiritola, Kolkata",01-23-2022,1165101,Hyundai,2020.0,2.0
Hyundai Verna (2019),VTVT 1.4 EX,PETROL,17000.0,MANUAL,2nd Owner,"Chelavoor, Pantheeramkavu",01-13-2022,815000,Hyundai,2019.0,3.0
Mg Hector (2019),Sharp diesel Manual,DIESEL,78000.0,MANUAL,1st Owner,"Yewlekar Mala, Nashik",11-29-2021,1835000,Mg,2019.0,3.0
Maruti Suzuki Swift Dzire (2009),VXI 1.2,PETROL,112052.0,MANUAL,1st Owner,"Thakray Circle Chowk, Nashik",01-07-2022,295000,Maruti,2009.0,13.0
Mg Hector (2019),Sharp diesel Manual,DIESEL,78000.0,MANUAL,1st Owner,"Yewlekar Mala, Nashik",11-29-2021,1835000,Mg,2019.0,3.0
Maruti Suzuki Swift Dzire (2009),VXI 1.2,PETROL,112052.0,MANUAL,1st Owner,"Thakray Circle Chowk, Nashik",01-07-2022,295000,Maruti,2009.0,13.0
Maruti Suzuki Wagon R 1.0 (2016),1.0 VXi,PETROL,34000.0,AUTOMATIC,1st Owner,"Lekha Nagar, Nashik",01-22-2022,411000,Maruti,2016.0,6.0
Maruti Suzuki Swift Dzire (2011),1.2 Vxi BSIV,PETROL,90000.0,MANUAL,Second Owner,"Madhuban Nagar, Nashik",01-27-2022,290000,Maruti,2011.0,11.0
Hyundai I10 (2010),1.1L iRDE ERA Special Edition,PETROL,90000.0,MANUAL,First Owner,"DGP Nagar, Nashik",01-27-2022,190000,Hyundai,2010.0,12.0
Chevrolet Spark (2011),1.0 LS,PETROL,52000.0,MANUAL,1st Owner,"Gulmohar Vihar, Nashik",01-27-2022,155000,Chevrolet,2011.0,11.0
Mahindra Xylo (2012),2012-2014 E9,DIESEL,132647.0,MANUAL,Third Owner,"Moti Nagar, Hyderabad",01-27-2022,625000,Mahindra,2012.0,10.0
Mahindra Xylo (2012),2012-2014 E9,DIESEL,132647.0,MANUAL,Third Owner,"Moti Nagar, Hyderabad",01-27-2022,625000,Mahindra,2012.0,10.0
Mahindra Xylo (2019),D4 BS III,DIESEL,52000.0,MANUAL,1st Owner,"Shivam Road, Hyderabad",01-24-2022,550000,Mahindra,2019.0,3.0
Mahindra Xylo (2019),D4,DIESEL,51000.0,MANUAL,1st Owner,"Nagole, Hyderabad",01-27-2022,550000,Mahindra,2019.0,3.0
Mahindra Xylo (2019),D4,DIESEL,82000.0,MANUAL,1st Owner,"Commercial Tax Colony, Hyderabad",01-26-2022,595000,Mahindra,2019.0,3.0
Mahindra Xylo (2019),D4,DIESEL,82000.0,MANUAL,1st Owner,"Commercial Tax Colony, Hyderabad",01-26-2022,595000,Mahindra,2019.0,3.0
Mahindra Xylo (2019),D4,DIESEL,51000.0,MANUAL,1st Owner,"Nagole, Hyderabad",01-27-2022,550000,Mahindra,2019.0,3.0
Mahindra Xylo (2019),D4,DIESEL,51000.0,MANUAL,1st Owner,"Nagole, Hyderabad",01-27-2022,550000,Mahindra,2019.0,3.0
Mahindra Xylo (2019),D4,DIESEL,82000.0,MANUAL,1st Owner,"Commercial Tax Colony, Hyderabad",01-26-2022,595000,Mahindra,2019.0,3.0
Maruti Suzuki Wagon R (2016),VXI AMT,PETROL,46851.0,MANUAL,1st Owner,"Satya Vihar, Bhubaneshwar",12-13-2021,349000,Maruti,2016.0,6.0
Maruti Suzuki Wagon R (2015),VXI,PETROL,30301.0,MANUAL,1st Owner,"Acharya Vihar, Bhubaneshwar",01-26-2022,325000,Maruti,2015.0,7.0
Maruti Suzuki Wagon R (2016),VXI,PETROL,61000.0,MANUAL,1st Owner,"Jayadev Vihar, Bhubaneshwar",01-27-2022,350000,Maruti,2016.0,6.0
Maruti Suzuki Wagon R (2015),VXI,PETROL,30301.0,MANUAL,1st Owner,"Acharya Vihar, Bhubaneshwar",01-26-2022,325000,Maruti,2015.0,7.0
Maruti Suzuki Wagon R (2016),VXI,PETROL,61000.0,MANUAL,1st Owner,"Jayadev Vihar, Bhubaneshwar",01-27-2022,350000,Maruti,2016.0,6.0
Maruti Suzuki Wagon R (2015),VXI,PETROL,30301.0,MANUAL,1st Owner,"Acharya Vihar, Bhubaneshwar",01-26-2022,325000,Maruti,2015.0,7.0
Audi Q7 (2012),3.0 TDI Quattro Premium Plus,DIESEL,98567.0,AUTOMATIC,1st Owner,"Industrial Area, Chandigarh",01-05-2022,1785000,Audi,2012.0,10.0
Audi Q7 (2013),3.0 TDI quattro,DIESEL,80000.0,AUTOMATIC,1st Owner,"Sector 69, Mohali",01-26-2022,1850000,Audi,2013.0,9.0
Audi Q7 (2013),3.0 TDI Quattro Premium Plus,DIESEL,80000.0,AUTOMATIC,1st Owner,"Chandigarh Airport Area, Chandigarh",01-27-2022,1685000,Audi,2013.0,9.0
Audi Q7 (2013),3.0 TDI Quattro Premium Plus,DIESEL,80000.0,AUTOMATIC,1st Owner,"Chandigarh Airport Area, Chandigarh",01-27-2022,1685000,Audi,2013.0,9.0
Audi Q7 (2013),3.0 TDI quattro,DIESEL,80000.0,AUTOMATIC,1st Owner,"Sector 69, Mohali",01-26-2022,1850000,Audi,2013.0,9.0
Audi Q7 (2013),3.0 TDI Quattro Premium Plus,DIESEL,80000.0,AUTOMATIC,1st Owner,"Chandigarh Airport Area, Chandigarh",01-27-2022,1685000,Audi,2013.0,9.0
Audi A6 (2011),2.0 TDI,DIESEL,125293.0,AUTOMATIC,2nd Owner,"Industrial Area, Chandigarh",12-25-2021,895000,Audi,2011.0,11.0
Audi A6 (2011),2.0 TDI,DIESEL,125293.0,AUTOMATIC,2nd Owner,"Industrial Area, Chandigarh",12-25-2021,895000,Audi,2011.0,11.0
Audi A6 (2010),2009-2011 2.7 TDI,DIESEL,84000.0,AUTOMATIC,1st Owner,"Shivalik Enclave, Chandigarh",01-26-2022,785000,Audi,2010.0,12.0
Maruti Suzuki Swift (2006),2004-2010 LXi BSIV,CNG,120000.0,MANUAL,Fourth Owner,"Sector 34A, Chandigarh",Other minor issues,160000,Maruti,2006.0,16.0
Hyundai Verna (2012),2011-2014 1.6 CRDI,DIESEL,120000.0,MANUAL,First Owner,"Sector 37C, Chandigarh",Haryana,425000,Hyundai,2012.0,10.0
Maruti Suzuki Sx4 (2013),ZXi,PETROL,87000.0,MANUAL,2nd Owner,"Sector 40A, Chandigarh",01-27-2022,310000,Maruti,2013.0,9.0
Hyundai Verna (2012),2011-2014 1.6 CRDI,DIESEL,120000.0,MANUAL,First Owner,"Sector 37C, Chandigarh",Haryana,425000,Hyundai,2012.0,10.0
Bmw 5 Series (2010),520d,DIESEL,90000.0,AUTOMATIC,2nd Owner,"Sector 1, Chandigarh",01-27-2022,1050000,Bmw,2010.0,12.0
Ford Mustang (2018),V8,PETROL,10000.0,AUTOMATIC,1st Owner,"Sector 19C, Chandigarh",01-27-2022,6450000,Ford,2018.0,4.0
Ford Mustang (2018),V8,PETROL,10000.0,AUTOMATIC,1st Owner,"Sector 19C, Chandigarh",01-27-2022,6450000,Ford,2018.0,4.0
Ford Mustang (2017),V8,DIESEL,16000.0,AUTOMATIC,2nd Owner,"Sector 22B, Chandigarh",01-25-2022,7175000,Ford,2017.0,5.0
maruti suzuki ertiga (2012),VDI,Diesel,,Manual,1st Owner,"Choupasni, Jodhpur",01/23/2022,519000,maruti,2012.0,10.0
maruti suzuki ertiga (2014),2012-2015 VXI CNG,CNG,,Manual,1st Owner,"Pimpri, Pune",01/23/2022,699000,maruti,2014.0,8.0
hyundai grand i10 nios (2021),AMT Sportz,Petrol,,Automatic,1st Owner,"Madhapur, Hyderabad",12/26/2021,825000,hyundai,2021.0,1.0
maruti suzuki alto k10 (2014),2010-2014 2010-2014 VXI,Petrol,,Manual,1st Owner,"Dadri, Charkhi Dadri",01/23/2022,200000,maruti,2014.0,8.0
mercedes benz c-class (2010),Unknown,Petrol,,Automatic,1st Owner,"Nungambakkam, Chennai",01/23/2022,800000,mercedes,2010.0,12.0
maruti suzuki zen estilo (2009),LXI,Petrol,,Manual,1st Owner,"Adarsh Colony, Hisar",01/23/2022,200000,maruti,2009.0,13.0
maruti suzuki alto k10 (2010),VXI,Petrol,,Manual,1st Owner,"Pallipadi, Thirumittacode II",01/23/2022,180000,maruti,2010.0,12.0
other brands others (1984),Unknown,Diesel,,Manual,1st Owner,"Ranjit Avenue, Ludhiana",01/23/2022,85000,other,1984.0,38.0
maruti suzuki 800 (2005),AC,Petrol,,Automatic,1st Owner,"Gujeni, Kanpur",01/23/2022,30000,maruti,2005.0,17.0
hyundai accent (2008),GLE CNG,CNG & Hybrids,,Manual,1st Owner,"Badarpur, Delhi",01/23/2022,99000,hyundai,2008.0,14.0
tata safari storme (2013),LX,Diesel,,Manual,1st Owner,"Sun City, Bareilly",01/23/2022,420000,tata,2013.0,9.0
hyundai i20 (2010),1.4 Magna Executive,Diesel,,Manual,1st Owner,"Hazratganj, Lucknow",01/23/2022,295000,hyundai,2010.0,12.0
honda others (2017),Unknown,Petrol,,Manual,1st Owner,"Puthanathani, Malappuram",01/23/2022,46000,honda,2017.0,5.0
maruti suzuki swift dzire (2019),VXI,Diesel,,Manual,2nd Owner,"Kukatpally, Hyderabad",01/23/2022,580000,maruti,2019.0,3.0
mahindra scorpio (2011),2002-2013 VLX Airbag,Diesel,,Manual,1st Owner,"Janki Nagar, Patna",01/23/2022,700000,mahindra,2011.0,11.0
maruti suzuki swift (2012),2011-2014 VXI,Petrol,,Automatic,1st Owner,"Bhawani Nagar, Jammu",01/23/2022,360000,maruti,2012.0,10.0
maruti suzuki esteem (2005),Vxi,Petrol,,Manual,1st Owner,"Fort Mohalla, Mysuru",01/23/2022,120000,maruti,2005.0,17.0
ford figo (2011),2010-2012 Petrol LXI,Petrol,,Manual,1st Owner,"Garhi Sarwat, Muzaffarnagar",01/23/2022,165000,ford,2011.0,11.0
hyundai santro xing (2007),XG eRLX Euro II,Petrol,,Manual,1st Owner,"Smd, Kalpetta",01/23/2022,95000,hyundai,2007.0,15.0
tata nano (2011),2009-2011 Cx BSIV,Petrol,,Manual,2nd Owner,"Borivali East, Mumbai",01/23/2022,35000,tata,2011.0,11.0
toyota innova (2010),2.5 G (Diesel) 7 Seater,Diesel,,Manual,2nd Owner,"Shaheed Bhagat Singh Colony, Rajpura",01/23/2022,400000,toyota,2010.0,12.0
honda mobilio (2015),S i-VTEC,Petrol,,Manual,1st Owner,"Versova, Mumbai",01/23/2022,525000,honda,2015.0,7.0
maruti suzuki ciaz (2017),1.3 Delta,Diesel,,Manual,2nd Owner,"Vikaspuri, Delhi",01/23/2022,600000,maruti,2017.0,5.0
maruti suzuki celerio (2015),VXI MT,Petrol,,Manual,1st Owner,"Akbar Hills, Hyderabad",01/23/2022,355000,maruti,2015.0,7.0
mahindra scorpio (2007),2002-2013 2.6 SLX CRDe,Diesel,,Manual,1st Owner,"Vasai East, Mumbai",01/27/2022,275000,mahindra,2007.0,15.0
land rover range rover evoque (2012),Evoque Dynamic SD4,Diesel,,Automatic,2nd Owner,"Nungambakkam, Chennai",01/23/2022,2275000,land,2012.0,10.0
mahindra scorpio (2014),2009-2014 VLX 2WD AIRBAG BSIV,Diesel,,Manual,2nd Owner,"Rajouri Garden, Delhi",01/23/2022,450000,mahindra,2014.0,8.0
other brands others (2017),Unknown,Petrol,,Manual,1st Owner,"Subhash Nagar, Delhi",01/23/2022,129000,other,2017.0,5.0
maruti suzuki swift (2021),LXI 2018,Petrol,,Manual,1st Owner,"Rajendra Nagar Sector 3, Ghaziabad",01/23/2022,720000,maruti,2021.0,1.0
tata others (2021),Unknown,Petrol,,Manual,1st Owner,"Raviwar Peth, Belagavi",01/23/2022,575000,tata,2021.0,1.0
honda amaze (2016),2013-2016 S i-Vtech,Diesel,,Manual,1st Owner,"Shankar Nagar, Salem",12/20/2021,565000,honda,2016.0,6.0
skoda rapid (2016),1.6 MPI-Ambition,Petrol,,Manual,1st Owner,"Nirman Nagar, Jaipur",02/27/2021,470000,skoda,2016.0,6.0
nissan micra (2011),2010-2012 XV,Diesel,,Manual,1st Owner,"Satya Vihar, Bhubaneshwar",12/25/2021,249000,nissan,2011.0,11.0
chevrolet tavera (2005),2003-2007 B1 10 seats BSIII BG,Diesel,,Manual,1st Owner,"Manchar, Pune",01/23/2022,95000,chevrolet,2005.0,17.0
tata others (2012),Unknown,Diesel,,Manual,1st Owner,"Officers Colony, Sakti",01/23/2022,120000,tata,2012.0,10.0
honda city (2009),2008-2011 1.5 S MT,Petrol,,Manual,1st Owner,"Paschim Vihar, Delhi",01/23/2022,215000,honda,2009.0,13.0
maruti suzuki 800 (1970),EX 5 Speed,LPG,,Automatic,1st Owner,Alipur,01/23/2022,50000,maruti,1970.0,52.0
renault duster (2012),2012-2015 110PS Diesel RxZ,Diesel,,Manual,1st Owner,"MDDA Colony Near Kedarpuram, Dehradun",01/23/2022,320000,renault,2012.0,10.0
hyundai santro (2021),Sportz AMT,Petrol,,Automatic,1st Owner,"Pragati Nagar, Ahmedabad",01/23/2022,599000,hyundai,2021.0,1.0
hyundai verna (2013),VTVT 1.6 EX,Petrol,,Manual,1st Owner,"Malad West, Mumbai",01/27/2022,395000,hyundai,2013.0,9.0
maruti suzuki swift dzire (2019),VXI,Diesel,,Manual,1st Owner,"Kukatpally, Hyderabad",01/23/2022,580000,maruti,2019.0,3.0
